,PM10_1
0,31.0
1,31.0
2,27.0
3,28.0
4,26.0
5,26.0
6,22.0
7,25.0
8,24.0
9,23.0
10,40.0
11,49.0
12,43.0
13,43.0
14,42.0
15,40.0
16,39.0
17,42.0
18,44.0
19,43.0
20,48.0
21,51.0
22,45.0
23,33.0
24,11.0
25,10.0
26,9.0
27,9.0
28,10.0
29,11.0
30,11.0
31,13.0
32,14.0
33,15.0
34,18.0
35,24.0
36,26.0
37,30.0
38,34.0
39,31.0
40,28.0
41,31.0
42,32.0
43,38.0
44,40.0
45,46.0
46,43.0
47,41.0
48,40.0
49,38.0
50,37.0
51,42.0
52,41.0
53,40.0
54,37.0
55,35.0
56,31.0
57,30.0
58,31.0
59,34.0
60,35.0
61,36.0
62,35.0
63,34.0
64,39.0
65,35.0
66,35.0
67,39.0
68,37.0
69,40.0
70,41.0
71,39.0
72,41.0
73,41.0
74,38.0
75,37.0
76,35.0
77,33.0
78,34.0
79,35.0
80,36.0
81,41.0
82,42.0
83,43.0
84,45.0
85,43.0
86,41.0
87,45.0
88,40.0
89,40.0
90,38.0
91,37.0
92,37.0
93,35.0
94,33.0
95,38.0
96,39.0
97,40.0
98,38.0
99,41.0
100,40.0
101,41.0
102,40.0
103,42.0
104,40.0
105,38.0
106,39.0
107,41.0
108,44.0
109,39.0
110,37.0
111,42.0
112,43.0
113,42.0
114,43.0
115,44.0
116,42.0
117,43.0
118,35.0
119,30.0
120,10.0
121,8.0
122,6.0
123,10.0
124,16.0
125,7.0
126,3.0
127,3.0
128,3.0
129,3.0
130,3.0
131,3.0
132,3.0
133,3.0
134,3.0
135,4.0
136,4.0
137,4.0
138,4.0
139,8.0
140,5.0
141,5.0
142,5.0
143,5.0
144,4.0
145,5.0
146,4.0
147,5.0
148,5.0
149,5.0
150,5.0
151,8.0
152,4.0
153,9.0
154,8.0
155,13.0
156,18.0
157,17.0
158,14.0
159,19.0
160,19.0
161,19.0
162,20.0
163,23.0
164,21.0
165,19.0
166,17.0
167,17.0
168,12.0
169,15.0
170,13.0
171,21.0
172,19.0
173,20.0
174,19.0
175,19.0
176,19.0
177,23.0
178,24.0
179,29.0
180,29.0
181,31.0
182,23.0
183,21.0
184,18.0
185,19.0
186,15.0
187,16.0
188,14.0
189,14.0
190,14.0
191,14.0
192,11.0
193,14.0
194,12.0
195,11.0
196,7.0
197,7.0
198,4.0
199,4.0
200,8.0
201,10.0
202,7.0
203,7.0
204,9.0
205,11.0
206,8.0
207,8.0
208,9.0
209,8.0
210,9.0
211,14.0
212,9.0
213,14.0
214,12.0
215,11.0
216,13.0
217,14.0
218,15.0
219,19.0
220,15.0
221,14.0
222,16.0
223,20.0
224,18.0
225,24.0
226,29.0
227,32.0
228,32.0
229,31.0
230,15.0
231,6.0
232,4.0
233,4.0
234,3.0
235,3.0
236,13.0
237,23.0
238,24.0
239,27.0
240,33.0
241,37.0
242,42.0
243,41.0
244,36.0
245,34.0
246,28.0
247,25.0
248,25.0
249,22.0
250,19.0
251,26.0
252,30.0
253,31.0
254,31.0
255,30.0
256,26.0
257,21.0
258,20.0
259,19.0
260,19.0
261,18.0
262,16.0
263,13.0
264,12.0
265,16.0
266,13.0
267,11.0
268,7.0
269,7.0
270,5.0
271,9.0
272,9.0
273,10.0
274,11.0
275,18.0
276,15.0
277,13.0
278,11.0
279,11.0
280,14.0
281,13.0
282,13.0
283,13.0
284,14.0
285,12.0
286,13.0
287,11.0
288,10.0
289,11.0
290,8.0
291,11.0
292,10.0
293,13.0
294,9.0
295,13.0
296,11.0
297,11.0
298,10.0
299,12.0
300,9.0
301,7.0
302,6.0
303,38.92536106296938
304,18.0
305,16.0
306,14.0
307,18.0
308,19.0
309,19.0
310,14.0
311,15.0
312,13.0
313,13.0
314,11.0
315,15.0
316,13.0
317,14.0
318,13.0
319,11.0
320,12.0
321,16.0
322,16.0
323,24.0
324,26.0
325,28.0
326,22.0
327,28.0
328,29.0
329,31.0
330,32.0
331,28.0
332,24.0
333,21.0
334,17.0
335,21.0
336,18.0
337,20.0
338,20.0
339,23.0
340,27.0
341,30.0
342,26.0
343,22.0
344,18.0
345,21.0
346,21.0
347,25.0
348,23.0
349,17.0
350,38.92536106296938
351,38.92536106296938
352,38.92536106296938
353,38.92536106296938
354,21.0
355,23.0
356,23.0
357,22.0
358,22.0
359,35.0
360,32.0
361,31.0
362,23.0
363,18.0
364,21.0
365,25.0
366,25.0
367,32.0
368,33.0
369,40.0
370,39.0
371,45.0
372,42.0
373,38.0
374,35.0
375,34.0
376,37.0
377,39.0
378,37.0
379,30.0
380,28.0
381,24.0
382,22.0
383,20.0
384,18.0
385,18.0
386,17.0
387,18.0
388,16.0
389,17.0
390,17.0
391,17.0
392,18.0
393,17.0
394,22.0
395,21.0
396,21.0
397,25.0
398,23.0
399,20.0
400,21.0
401,25.0
402,21.0
403,20.0
404,24.0
405,25.0
406,22.0
407,26.0
408,20.0
409,15.0
410,16.0
411,18.0
412,18.0
413,20.0
414,17.0
415,20.0
416,18.0
417,19.0
418,26.0
419,27.0
420,25.0
421,35.0
422,27.0
423,29.0
424,27.0
425,27.0
426,26.0
427,30.0
428,31.0
429,30.0
430,27.0
431,22.0
432,21.0
433,22.0
434,18.0
435,20.0
436,16.0
437,21.0
438,18.0
439,20.0
440,18.0
441,22.0
442,21.0
443,22.0
444,19.0
445,22.0
446,24.0
447,32.0
448,38.0
449,37.0
450,36.0
451,34.0
452,37.0
453,38.0
454,36.0
455,33.0
456,33.0
457,38.0
458,35.0
459,33.0
460,27.0
461,27.0
462,25.0
463,24.0
464,25.0
465,24.0
466,22.0
467,38.92536106296938
468,38.92536106296938
469,23.0
470,21.0
471,23.0
472,25.0
473,31.0
474,35.0
475,39.0
476,32.0
477,30.0
478,25.0
479,25.0
480,26.0
481,30.0
482,28.0
483,26.0
484,26.0
485,24.0
486,24.0
487,28.0
488,25.0
489,24.0
490,30.0
491,34.0
492,30.0
493,31.0
494,39.0
495,31.0
496,32.0
497,36.0
498,44.0
499,46.0
500,36.0
501,37.0
502,37.0
503,34.0
504,33.0
505,34.0
506,30.0
507,32.0
508,32.0
509,32.0
510,32.0
511,37.0
512,44.0
513,44.0
514,49.0
515,52.0
516,44.0
517,44.0
518,33.0
519,20.0
520,17.0
521,20.0
522,28.0
523,31.0
524,34.0
525,40.0
526,46.0
527,47.0
528,45.0
529,43.0
530,40.0
531,41.0
532,39.0
533,38.0
534,38.0
535,39.0
536,41.0
537,39.0
538,36.0
539,39.0
540,42.0
541,42.0
542,37.0
543,38.0
544,40.0
545,36.0
546,31.0
547,33.0
548,33.0
549,31.0
550,25.0
551,24.0
552,30.0
553,31.0
554,34.0
555,34.0
556,31.0
557,31.0
558,29.0
559,32.0
560,27.0
561,27.0
562,28.0
563,34.0
564,33.0
565,29.0
566,23.0
567,24.0
568,24.0
569,31.0
570,31.0
571,23.0
572,23.0
573,23.0
574,18.0
575,19.0
576,24.0
577,29.0
578,27.0
579,27.0
580,24.0
581,23.0
582,24.0
583,24.0
584,24.0
585,25.0
586,25.0
587,31.0
588,34.0
589,27.0
590,23.0
591,26.0
592,22.0
593,24.0
594,23.0
595,28.0
596,34.0
597,37.0
598,32.0
599,31.0
600,33.0
601,35.0
602,31.0
603,31.0
604,29.0
605,29.0
606,28.0
607,30.0
608,29.0
609,34.0
610,39.0
611,39.0
612,38.92536106296938
613,38.92536106296938
614,44.0
615,53.0
616,63.0
617,58.0
618,64.0
619,77.0
620,76.0
621,65.0
622,58.0
623,51.0
624,47.0
625,57.0
626,64.0
627,64.0
628,58.0
629,60.0
630,59.0
631,68.0
632,76.0
633,78.0
634,80.0
635,66.0
636,55.0
637,44.0
638,35.0
639,34.0
640,35.0
641,36.0
642,33.0
643,36.0
644,42.0
645,39.0
646,33.0
647,32.0
648,29.0
649,26.0
650,22.0
651,19.0
652,18.0
653,17.0
654,19.0
655,21.0
656,25.0
657,30.0
658,37.0
659,41.0
660,35.0
661,31.0
662,23.0
663,22.0
664,22.0
665,28.0
666,25.0
667,37.0
668,45.0
669,51.0
670,36.0
671,31.0
672,25.0
673,22.0
674,19.0
675,19.0
676,17.0
677,17.0
678,15.0
679,16.0
680,16.0
681,16.0
682,18.0
683,14.0
684,18.0
685,20.0
686,17.0
687,20.0
688,20.0
689,26.0
690,26.0
691,29.0
692,42.0
693,44.0
694,36.0
695,35.0
696,33.0
697,29.0
698,24.0
699,20.0
700,18.0
701,16.0
702,13.0
703,14.0
704,12.0
705,12.0
706,16.0
707,19.0
708,18.0
709,21.0
710,21.0
711,19.0
712,19.0
713,23.0
714,26.0
715,30.0
716,33.0
717,35.0
718,34.0
719,36.0
720,34.0
721,33.0
722,29.0
723,29.0
724,27.0
725,25.0
726,24.0
727,25.0
728,23.0
729,25.0
730,26.0
731,32.0
732,33.0
733,33.0
734,32.0
735,32.0
736,28.0
737,26.0
738,26.0
739,29.0
740,31.0
741,33.0
742,32.0
743,26.0
744,30.0
745,27.0
746,30.0
747,39.0
748,36.0
749,33.0
750,31.0
751,35.0
752,31.0
753,29.0
754,32.0
755,40.0
756,38.0
757,35.0
758,37.0
759,34.0
760,30.0
761,30.0
762,27.0
763,29.0
764,31.0
765,33.0
766,33.0
767,31.0
768,29.0
769,34.0
770,32.0
771,31.0
772,32.0
773,35.0
774,35.0
775,35.0
776,39.0
777,43.0
778,48.0
779,55.0
780,46.0
781,35.0
782,35.0
783,38.0
784,41.0
785,38.0
786,34.0
787,42.0
788,38.0
789,34.0
790,32.0
791,30.0
792,30.0
793,31.0
794,30.0
795,30.0
796,30.0
797,32.0
798,32.0
799,37.0
800,37.0
801,40.0
802,47.0
803,49.0
804,34.0
805,35.0
806,24.0
807,28.0
808,40.0
809,48.0
810,57.0
811,60.0
812,61.0
813,59.0
814,56.0
815,56.0
816,54.0
817,57.0
818,36.0
819,24.0
820,36.0
821,47.0
822,52.0
823,51.0
824,53.0
825,57.0
826,55.0
827,53.0
828,49.0
829,44.0
830,45.0
831,57.0
832,57.0
833,55.0
834,59.0
835,68.0
836,73.0
837,72.0
838,71.0
839,72.0
840,67.0
841,65.0
842,66.0
843,62.0
844,58.0
845,61.0
846,62.0
847,61.0
848,63.0
849,69.0
850,70.0
851,71.0
852,70.0
853,67.0
854,55.0
855,46.0
856,41.0
857,45.0
858,45.0
859,60.0
860,67.0
861,74.0
862,74.0
863,70.0
864,65.0
865,69.0
866,67.0
867,67.0
868,65.0
869,60.0
870,61.0
871,65.0
872,62.0
873,67.0
874,66.0
875,53.0
876,48.0
877,44.0
878,42.0
879,43.0
880,45.0
881,45.0
882,56.0
883,64.0
884,71.0
885,68.0
886,66.0
887,66.0
888,61.0
889,64.0
890,57.0
891,52.0
892,47.0
893,46.0
894,40.0
895,39.0
896,43.0
897,42.0
898,40.0
899,37.0
900,30.0
901,27.0
902,18.0
903,20.0
904,20.0
905,19.0
906,20.0
907,23.0
908,28.0
909,26.0
910,19.0
911,16.0
912,11.0
913,11.0
914,9.0
915,12.0
916,10.0
917,10.0
918,12.0
919,18.0
920,14.0
921,10.0
922,6.0
923,8.0
924,6.0
925,9.0
926,12.0
927,38.92536106296938
928,38.92536106296938
929,7.0
930,8.0
931,7.0
932,8.0
933,12.0
934,7.0
935,7.0
936,8.0
937,9.0
938,6.0
939,5.0
940,4.0
941,8.0
942,7.0
943,8.0
944,9.0
945,9.0
946,8.0
947,7.0
948,10.0
949,15.0
950,9.0
951,9.0
952,8.0
953,10.0
954,9.0
955,13.0
956,17.0
957,14.0
958,11.0
959,12.0
960,8.0
961,8.0
962,12.0
963,13.0
964,14.0
965,16.0
966,14.0
967,15.0
968,14.0
969,12.0
970,10.0
971,14.0
972,11.0
973,17.0
974,15.0
975,12.0
976,9.0
977,15.0
978,12.0
979,14.0
980,12.0
981,13.0
982,11.0
983,14.0
984,15.0
985,14.0
986,14.0
987,16.0
988,10.0
989,10.0
990,11.0
991,9.0
992,10.0
993,11.0
994,16.0
995,18.0
996,20.0
997,18.0
998,29.0
999,27.0
1000,20.0
1001,24.0
1002,26.0
1003,23.0
1004,19.0
1005,19.0
1006,17.0
1007,18.0
1008,17.0
1009,19.0
1010,16.0
1011,18.0
1012,17.0
1013,18.0
1014,13.0
1015,14.0
1016,13.0
1017,10.0
1018,15.0
1019,19.0
1020,20.0
1021,20.0
1022,19.0
1023,25.0
1024,20.0
1025,21.0
1026,19.0
1027,22.0
1028,23.0
1029,24.0
1030,19.0
1031,20.0
1032,16.0
1033,15.0
1034,16.0
1035,15.0
1036,12.0
1037,15.0
1038,19.0
1039,18.0
1040,19.0
1041,19.0
1042,24.0
1043,27.0
1044,28.0
1045,27.0
1046,26.0
1047,29.0
1048,26.0
1049,25.0
1050,25.0
1051,32.0
1052,29.0
1053,40.0
1054,41.0
1055,39.0
1056,36.0
1057,33.0
1058,34.0
1059,34.0
1060,33.0
1061,32.0
1062,31.0
1063,33.0
1064,32.0
1065,34.0
1066,34.0
1067,39.0
1068,40.0
1069,51.0
1070,54.0
1071,66.0
1072,72.0
1073,77.0
1074,79.0
1075,79.0
1076,82.0
1077,79.0
1078,76.0
1079,79.0
1080,73.0
1081,69.0
1082,65.0
1083,64.0
1084,62.0
1085,68.0
1086,67.0
1087,69.0
1088,65.0
1089,67.0
1090,77.0
1091,82.0
1092,73.0
1093,48.0
1094,37.0
1095,37.0
1096,50.0
1097,59.0
1098,57.0
1099,56.0
1100,51.0
1101,52.0
1102,50.0
1103,49.0
1104,46.0
1105,46.0
1106,42.0
1107,43.0
1108,43.0
1109,46.0
1110,49.0
1111,48.0
1112,48.0
1113,49.0
1114,46.0
1115,51.0
1116,44.0
1117,50.0
1118,53.0
1119,60.0
1120,59.0
1121,63.0
1122,53.0
1123,53.0
1124,52.0
1125,48.0
1126,45.0
1127,42.0
1128,37.0
1129,32.0
1130,27.0
1131,26.0
1132,24.0
1133,27.0
1134,30.0
1135,38.0
1136,39.0
1137,39.0
1138,45.0
1139,44.0
1140,43.0
1141,42.0
1142,40.0
1143,41.0
1144,34.0
1145,34.0
1146,33.0
1147,34.0
1148,37.0
1149,38.0
1150,36.0
1151,35.0
1152,39.0
1153,40.0
1154,41.0
1155,41.0
1156,34.0
1157,36.0
1158,36.0
1159,39.0
1160,42.0
1161,47.0
1162,52.0
1163,58.0
1164,61.0
1165,64.0
1166,72.0
1167,82.0
1168,95.0
1169,102.0
1170,86.0
1171,79.0
1172,79.0
1173,74.0
1174,64.0
1175,61.0
1176,59.0
1177,58.0
1178,52.0
1179,51.0
1180,51.0
1181,55.0
1182,55.0
1183,59.0
1184,61.0
1185,68.0
1186,71.0
1187,81.0
1188,85.0
1189,38.92536106296938
1190,88.0
1191,117.0
1192,110.0
1193,112.0
1194,133.0
1195,154.0
1196,176.0
1197,190.0
1198,194.0
1199,204.0
1200,176.0
1201,168.0
1202,153.0
1203,155.0
1204,146.0
1205,150.0
1206,137.0
1207,142.0
1208,131.0
1209,127.0
1210,119.0
1211,134.0
1212,136.0
1213,154.0
1214,143.0
1215,141.0
1216,103.0
1217,114.0
1218,118.0
1219,139.0
1220,146.0
1221,167.0
1222,163.0
1223,163.0
1224,146.0
1225,140.0
1226,129.0
1227,130.0
1228,123.0
1229,135.0
1230,134.0
1231,137.0
1232,125.0
1233,129.0
1234,125.0
1235,134.0
1236,131.0
1237,131.0
1238,111.0
1239,108.0
1240,108.0
1241,110.0
1242,109.0
1243,111.0
1244,111.0
1245,109.0
1246,109.0
1247,104.0
1248,35.0
1249,11.0
1250,23.0
1251,29.0
1252,33.0
1253,50.0
1254,71.0
1255,69.0
1256,57.0
1257,54.0
1258,53.0
1259,56.0
1260,42.0
1261,28.0
1262,26.0
1263,33.0
1264,38.0
1265,46.0
1266,49.0
1267,45.0
1268,43.0
1269,41.0
1270,36.0
1271,36.0
1272,36.0
1273,34.0
1274,29.0
1275,25.0
1276,25.0
1277,24.0
1278,25.0
1279,25.0
1280,27.0
1281,31.0
1282,34.0
1283,41.0
1284,39.0
1285,38.0
1286,36.0
1287,39.0
1288,32.0
1289,30.0
1290,22.0
1291,24.0
1292,25.0
1293,25.0
1294,20.0
1295,18.0
1296,16.0
1297,17.0
1298,16.0
1299,18.0
1300,15.0
1301,15.0
1302,15.0
1303,14.0
1304,14.0
1305,18.0
1306,18.0
1307,27.0
1308,32.0
1309,37.0
1310,33.0
1311,38.0
1312,35.0
1313,37.0
1314,39.0
1315,49.0
1316,41.0
1317,41.0
1318,41.0
1319,43.0
1320,40.0
1321,35.0
1322,35.0
1323,34.0
1324,34.0
1325,35.0
1326,34.0
1327,35.0
1328,40.0
1329,45.0
1330,49.0
1331,69.0
1332,74.0
1333,76.0
1334,70.0
1335,69.0
1336,63.0
1337,64.0
1338,53.0
1339,51.0
1340,49.0
1341,41.0
1342,34.0
1343,28.0
1344,24.0
1345,22.0
1346,15.0
1347,16.0
1348,15.0
1349,16.0
1350,14.0
1351,19.0
1352,19.0
1353,22.0
1354,28.0
1355,31.0
1356,32.0
1357,32.0
1358,26.0
1359,32.0
1360,29.0
1361,25.0
1362,27.0
1363,33.0
1364,36.0
1365,36.0
1366,30.0
1367,20.0
1368,22.0
1369,25.0
1370,25.0
1371,28.0
1372,27.0
1373,30.0
1374,28.0
1375,28.0
1376,31.0
1377,31.0
1378,37.0
1379,40.0
1380,38.0
1381,34.0
1382,31.0
1383,35.0
1384,34.0
1385,40.0
1386,46.0
1387,48.0
1388,50.0
1389,47.0
1390,49.0
1391,50.0
1392,46.0
1393,47.0
1394,44.0
1395,47.0
1396,45.0
1397,47.0
1398,44.0
1399,43.0
1400,44.0
1401,43.0
1402,40.0
1403,40.0
1404,41.0
1405,40.0
1406,40.0
1407,40.0
1408,36.0
1409,45.0
1410,43.0
1411,55.0
1412,67.0
1413,67.0
1414,53.0
1415,56.0
1416,52.0
1417,56.0
1418,53.0
1419,55.0
1420,52.0
1421,51.0
1422,50.0
1423,47.0
1424,51.0
1425,55.0
1426,53.0
1427,62.0
1428,65.0
1429,57.0
1430,44.0
1431,31.0
1432,25.0
1433,33.0
1434,59.0
1435,69.0
1436,72.0
1437,77.0
1438,77.0
1439,70.0
1440,65.0
1441,62.0
1442,53.0
1443,45.0
1444,42.0
1445,39.0
1446,33.0
1447,30.0
1448,23.0
1449,20.0
1450,19.0
1451,10.0
1452,4.0
1453,16.0
1454,20.0
1455,11.0
1456,9.0
1457,18.0
1458,21.0
1459,15.0
1460,15.0
1461,16.0
1462,14.0
1463,13.0
1464,16.0
1465,18.0
1466,18.0
1467,19.0
1468,22.0
1469,22.0
1470,21.0
1471,18.0
1472,12.0
1473,9.0
1474,14.0
1475,16.0
1476,14.0
1477,15.0
1478,17.0
1479,14.0
1480,16.0
1481,14.0
1482,11.0
1483,16.0
1484,21.0
1485,20.0
1486,16.0
1487,14.0
1488,16.0
1489,19.0
1490,18.0
1491,17.0
1492,17.0
1493,16.0
1494,16.0
1495,17.0
1496,21.0
1497,21.0
1498,30.0
1499,29.0
1500,29.0
1501,29.0
1502,30.0
1503,27.0
1504,24.0
1505,20.0
1506,20.0
1507,24.0
1508,25.0
1509,22.0
1510,18.0
1511,20.0
1512,22.0
1513,24.0
1514,23.0
1515,26.0
1516,28.0
1517,33.0
1518,30.0
1519,29.0
1520,27.0
1521,32.0
1522,32.0
1523,24.0
1524,16.0
1525,15.0
1526,13.0
1527,14.0
1528,38.92536106296938
1529,38.92536106296938
1530,38.92536106296938
1531,19.0
1532,16.0
1533,16.0
1534,16.0
1535,13.0
1536,14.0
1537,19.0
1538,14.0
1539,17.0
1540,13.0
1541,16.0
1542,13.0
1543,16.0
1544,16.0
1545,24.0
1546,32.0
1547,33.0
1548,33.0
1549,28.0
1550,24.0
1551,21.0
1552,17.0
1553,17.0
1554,18.0
1555,19.0
1556,19.0
1557,25.0
1558,26.0
1559,26.0
1560,24.0
1561,26.0
1562,25.0
1563,26.0
1564,28.0
1565,30.0
1566,30.0
1567,31.0
1568,30.0
1569,29.0
1570,27.0
1571,28.0
1572,27.0
1573,32.0
1574,31.0
1575,30.0
1576,28.0
1577,28.0
1578,32.0
1579,36.0
1580,36.0
1581,43.0
1582,43.0
1583,45.0
1584,40.0
1585,41.0
1586,38.0
1587,39.0
1588,36.0
1589,36.0
1590,37.0
1591,39.0
1592,37.0
1593,36.0
1594,38.0
1595,40.0
1596,41.0
1597,46.0
1598,39.0
1599,42.0
1600,33.0
1601,34.0
1602,43.0
1603,59.0
1604,62.0
1605,54.0
1606,48.0
1607,40.0
1608,31.0
1609,34.0
1610,34.0
1611,37.0
1612,34.0
1613,43.0
1614,48.0
1615,49.0
1616,49.0
1617,55.0
1618,60.0
1619,62.0
1620,64.0
1621,54.0
1622,56.0
1623,53.0
1624,46.0
1625,49.0
1626,54.0
1627,58.0
1628,45.0
1629,31.0
1630,33.0
1631,38.0
1632,33.0
1633,30.0
1634,29.0
1635,30.0
1636,28.0
1637,32.0
1638,29.0
1639,32.0
1640,30.0
1641,30.0
1642,33.0
1643,33.0
1644,36.0
1645,38.0
1646,37.0
1647,39.0
1648,36.0
1649,40.0
1650,45.0
1651,52.0
1652,54.0
1653,56.0
1654,52.0
1655,53.0
1656,50.0
1657,46.0
1658,36.0
1659,43.0
1660,47.0
1661,45.0
1662,42.0
1663,47.0
1664,42.0
1665,31.0
1666,31.0
1667,31.0
1668,33.0
1669,37.0
1670,37.0
1671,37.0
1672,40.0
1673,39.0
1674,33.0
1675,29.0
1676,28.0
1677,27.0
1678,23.0
1679,23.0
1680,22.0
1681,20.0
1682,21.0
1683,21.0
1684,21.0
1685,20.0
1686,18.0
1687,17.0
1688,19.0
1689,23.0
1690,26.0
1691,30.0
1692,31.0
1693,32.0
1694,31.0
1695,35.0
1696,38.0
1697,46.0
1698,42.0
1699,40.0
1700,38.0
1701,40.0
1702,38.0
1703,41.0
1704,34.0
1705,35.0
1706,34.0
1707,37.0
1708,37.0
1709,40.0
1710,37.0
1711,41.0
1712,43.0
1713,48.0
1714,59.0
1715,75.0
1716,84.0
1717,89.0
1718,94.0
1719,98.0
1720,91.0
1721,90.0
1722,89.0
1723,91.0
1724,87.0
1725,85.0
1726,80.0
1727,70.0
1728,67.0
1729,70.0
1730,74.0
1731,73.0
1732,59.0
1733,54.0
1734,58.0
1735,61.0
1736,61.0
1737,60.0
1738,60.0
1739,60.0
1740,58.0
1741,52.0
1742,36.0
1743,19.0
1744,14.0
1745,17.0
1746,14.0
1747,12.0
1748,11.0
1749,10.0
1750,11.0
1751,14.0
1752,10.0
1753,12.0
1754,14.0
1755,15.0
1756,16.0
1757,17.0
1758,17.0
1759,19.0
1760,17.0
1761,18.0
1762,21.0
1763,19.0
1764,21.0
1765,21.0
1766,18.0
1767,21.0
1768,22.0
1769,23.0
1770,23.0
1771,24.0
1772,24.0
1773,23.0
1774,22.0
1775,26.0
1776,24.0
1777,26.0
1778,24.0
1779,23.0
1780,26.0
1781,27.0
1782,26.0
1783,28.0
1784,26.0
1785,30.0
1786,33.0
1787,39.0
1788,44.0
1789,40.0
1790,38.0
1791,41.0
1792,35.0
1793,35.0
1794,36.0
1795,38.0
1796,35.0
1797,37.0
1798,39.0
1799,41.0
1800,39.0
1801,38.0
1802,39.0
1803,39.0
1804,38.0
1805,43.0
1806,36.0
1807,28.0
1808,32.0
1809,39.0
1810,42.0
1811,48.0
1812,66.0
1813,95.0
1814,102.0
1815,112.0
1816,123.0
1817,132.0
1818,135.0
1819,139.0
1820,143.0
1821,138.0
1822,132.0
1823,119.0
1824,107.0
1825,100.0
1826,94.0
1827,90.0
1828,88.0
1829,88.0
1830,89.0
1831,102.0
1832,103.0
1833,105.0
1834,108.0
1835,118.0
1836,118.0
1837,108.0
1838,78.0
1839,70.0
1840,72.0
1841,62.0
1842,56.0
1843,75.0
1844,79.0
1845,87.0
1846,89.0
1847,102.0
1848,106.0
1849,96.0
1850,76.0
1851,63.0
1852,60.0
1853,56.0
1854,53.0
1855,48.0
1856,44.0
1857,38.0
1858,28.0
1859,29.0
1860,30.0
1861,34.0
1862,20.0
1863,18.0
1864,17.0
1865,26.0
1866,26.0
1867,18.0
1868,16.0
1869,16.0
1870,14.0
1871,13.0
1872,15.0
1873,16.0
1874,18.0
1875,16.0
1876,17.0
1877,16.0
1878,18.0
1879,18.0
1880,18.0
1881,20.0
1882,24.0
1883,27.0
1884,28.0
1885,31.0
1886,29.0
1887,26.0
1888,29.0
1889,20.0
1890,19.0
1891,22.0
1892,25.0
1893,27.0
1894,26.0
1895,27.0
1896,26.0
1897,25.0
1898,23.0
1899,30.0
1900,29.0
1901,31.0
1902,37.0
1903,38.0
1904,40.0
1905,40.0
1906,40.0
1907,34.0
1908,25.0
1909,31.0
1910,29.0
1911,35.0
1912,32.0
1913,32.0
1914,26.0
1915,29.0
1916,31.0
1917,38.0
1918,34.0
1919,36.0
1920,34.0
1921,36.0
1922,31.0
1923,32.0
1924,30.0
1925,31.0
1926,32.0
1927,33.0
1928,34.0
1929,39.0
1930,45.0
1931,52.0
1932,60.0
1933,71.0
1934,77.0
1935,76.0
1936,74.0
1937,73.0
1938,73.0
1939,68.0
1940,73.0
1941,76.0
1942,76.0
1943,74.0
1944,69.0
1945,70.0
1946,66.0
1947,67.0
1948,65.0
1949,66.0
1950,64.0
1951,71.0
1952,67.0
1953,75.0
1954,85.0
1955,87.0
1956,88.0
1957,88.0
1958,94.0
1959,89.0
1960,77.0
1961,62.0
1962,56.0
1963,37.0
1964,26.0
1965,28.0
1966,25.0
1967,26.0
1968,22.0
1969,23.0
1970,21.0
1971,22.0
1972,20.0
1973,21.0
1974,20.0
1975,26.0
1976,25.0
1977,26.0
1978,28.0
1979,37.0
1980,38.0
1981,38.0
1982,38.0
1983,46.0
1984,47.0
1985,48.0
1986,44.0
1987,43.0
1988,33.0
1989,30.0
1990,30.0
1991,30.0
1992,30.0
1993,29.0
1994,26.0
1995,27.0
1996,32.0
1997,36.0
1998,36.0
1999,40.0
2000,38.0
2001,41.0
2002,41.0
2003,46.0
2004,40.0
2005,45.0
2006,52.0
2007,54.0
2008,49.0
2009,52.0
2010,55.0
2011,56.0
2012,53.0
2013,51.0
2014,45.0
2015,49.0
2016,45.0
2017,45.0
2018,44.0
2019,47.0
2020,43.0
2021,45.0
2022,46.0
2023,48.0
2024,49.0
2025,51.0
2026,60.0
2027,59.0
2028,54.0
2029,53.0
2030,57.0
2031,50.0
2032,53.0
2033,45.0
2034,39.0
2035,39.0
2036,46.0
2037,48.0
2038,39.0
2039,42.0
2040,42.0
2041,36.0
2042,33.0
2043,30.0
2044,25.0
2045,26.0
2046,22.0
2047,23.0
2048,20.0
2049,19.0
2050,21.0
2051,20.0
2052,24.0
2053,21.0
2054,20.0
2055,19.0
2056,24.0
2057,21.0
2058,24.0
2059,28.0
2060,24.0
2061,21.0
2062,20.0
2063,22.0
2064,20.0
2065,16.0
2066,15.0
2067,15.0
2068,13.0
2069,12.0
2070,13.0
2071,13.0
2072,14.0
2073,13.0
2074,13.0
2075,19.0
2076,18.0
2077,19.0
2078,16.0
2079,15.0
2080,15.0
2081,20.0
2082,19.0
2083,16.0
2084,15.0
2085,16.0
2086,19.0
2087,17.0
2088,17.0
2089,20.0
2090,14.0
2091,16.0
2092,17.0
2093,20.0
2094,20.0
2095,23.0
2096,23.0
2097,32.0
2098,33.0
2099,42.0
2100,56.0
2101,50.0
2102,35.0
2103,36.0
2104,42.0
2105,41.0
2106,40.0
2107,41.0
2108,38.0
2109,43.0
2110,39.0
2111,46.0
2112,45.0
2113,43.0
2114,38.0
2115,44.0
2116,41.0
2117,46.0
2118,43.0
2119,46.0
2120,44.0
2121,46.0
2122,48.0
2123,55.0
2124,55.0
2125,61.0
2126,58.0
2127,58.0
2128,48.0
2129,61.0
2130,65.0
2131,59.0
2132,51.0
2133,52.0
2134,51.0
2135,54.0
2136,53.0
2137,55.0
2138,51.0
2139,51.0
2140,52.0
2141,52.0
2142,52.0
2143,53.0
2144,54.0
2145,55.0
2146,61.0
2147,71.0
2148,77.0
2149,83.0
2150,79.0
2151,70.0
2152,59.0
2153,72.0
2154,83.0
2155,92.0
2156,83.0
2157,81.0
2158,56.0
2159,43.0
2160,38.0
2161,36.0
2162,40.0
2163,51.0
2164,52.0
2165,44.0
2166,32.0
2167,31.0
2168,31.0
2169,33.0
2170,25.0
2171,23.0
2172,20.0
2173,26.0
2174,22.0
2175,22.0
2176,20.0
2177,24.0
2178,26.0
2179,23.0
2180,24.0
2181,31.0
2182,28.0
2183,29.0
2184,23.0
2185,21.0
2186,20.0
2187,22.0
2188,24.0
2189,25.0
2190,28.0
2191,24.0
2192,23.0
2193,22.0
2194,17.0
2195,20.0
2196,20.0
2197,23.0
2198,21.0
2199,22.0
2200,26.0
2201,29.0
2202,24.0
2203,25.0
2204,26.0
2205,27.0
2206,20.0
2208,20.0
2209,24.0
2210,25.0
2211,27.0
2212,23.0
2213,24.0
2214,26.0
2215,27.0
2216,30.0
2217,33.0
2218,35.0
2219,44.0
2220,42.0
2221,36.0
2222,29.0
2223,30.0
2224,33.0
2225,26.0
2226,28.0
2227,27.0
2228,27.0
2229,27.0
2230,26.0
2231,28.0
2232,34.0
2233,32.0
2234,25.0
2235,29.0
2236,24.0
2237,20.0
2238,19.0
2239,21.0
2240,19.0
2241,21.0
2242,18.0
2243,25.0
2244,22.0
2245,25.0
2246,29.0
2247,43.0
2248,44.0
2249,48.0
2250,57.0
2251,57.0
2252,48.0
2253,55.0
2254,62.0
2255,65.0
2256,65.0
2257,66.0
2258,52.0
2259,48.0
2260,46.0
2261,48.0
2262,49.0
2263,47.0
2264,47.0
2265,44.0
2266,39.0
2267,36.0
2268,22.0
2269,24.0
2270,26.0
2271,27.0
2272,28.0
2273,29.0
2274,32.0
2275,38.0
2276,34.0
2277,36.0
2278,34.0
2279,36.0
2280,33.0
2281,36.0
2282,32.0
2283,31.0
2284,33.0
2285,38.0
2286,36.0
2287,38.0
2288,37.0
2289,40.0
2290,44.0
2291,46.0
2292,48.0
2293,35.0
2294,39.0
2295,44.0
2296,46.0
2297,44.0
2298,43.0
2299,40.0
2300,40.0
2301,46.0
2302,48.0
2303,49.0
2304,46.0
2305,47.0
2306,39.0
2307,45.0
2308,43.0
2309,44.0
2310,38.0
2311,34.0
2312,28.0
2313,30.0
2314,36.0
2315,35.0
2316,38.92536106296938
2317,38.92536106296938
2318,30.0
2319,25.0
2320,23.0
2321,25.0
2322,22.0
2323,19.0
2324,17.0
2325,17.0
2326,14.0
2327,20.0
2328,20.0
2329,20.0
2330,20.0
2331,23.0
2332,20.0
2333,19.0
2334,19.0
2335,21.0
2336,24.0
2337,25.0
2338,28.0
2339,33.0
2340,38.0
2341,28.0
2342,11.0
2343,23.0
2344,28.0
2345,32.0
2346,32.0
2347,32.0
2348,38.92536106296938
2349,33.0
2350,25.0
2351,33.0
2352,42.0
2353,60.0
2354,54.0
2355,72.0
2356,54.0
2357,47.0
2358,46.0
2359,49.0
2360,44.0
2361,45.0
2362,44.0
2363,50.0
2364,44.0
2365,41.0
2366,34.0
2367,48.0
2368,38.92536106296938
2369,38.92536106296938
2370,38.92536106296938
2371,38.92536106296938
2372,38.92536106296938
2373,17.0
2374,14.0
2375,18.0
2376,15.0
2377,15.0
2378,16.0
2379,21.0
2380,22.0
2381,26.0
2382,24.0
2383,23.0
2384,20.0
2385,23.0
2386,24.0
2387,27.0
2388,26.0
2389,23.0
2390,18.0
2391,17.0
2392,20.0
2393,20.0
2394,19.0
2395,17.0
2396,15.0
2397,18.0
2398,20.0
2399,17.0
2400,19.0
2401,20.0
2402,20.0
2403,25.0
2404,24.0
2405,25.0
2406,25.0
2407,25.0
2408,26.0
2409,27.0
2410,27.0
2411,33.0
2412,36.0
2413,28.0
2414,27.0
2415,29.0
2416,33.0
2417,29.0
2418,22.0
2419,21.0
2420,24.0
2421,26.0
2422,22.0
2423,24.0
2424,26.0
2425,25.0
2426,28.0
2427,29.0
2428,30.0
2429,30.0
2430,32.0
2431,34.0
2432,33.0
2433,34.0
2434,39.0
2435,48.0
2436,48.0
2437,43.0
2438,41.0
2439,44.0
2440,40.0
2441,37.0
2442,33.0
2443,32.0
2444,26.0
2445,31.0
2446,36.0
2447,42.0
2448,36.0
2449,39.0
2450,39.0
2451,43.0
2452,39.0
2453,41.0
2454,40.0
2455,42.0
2456,46.0
2457,49.0
2458,51.0
2459,59.0
2460,62.0
2461,72.0
2462,62.0
2463,47.0
2464,48.0
2465,46.0
2466,43.0
2467,43.0
2468,39.0
2469,44.0
2470,44.0
2471,49.0
2472,43.0
2473,50.0
2474,56.0
2475,59.0
2476,51.0
2477,56.0
2478,52.0
2479,56.0
2480,52.0
2481,57.0
2482,60.0
2483,72.0
2484,73.0
2485,73.0
2486,71.0
2487,64.0
2488,60.0
2489,73.0
2490,71.0
2491,79.0
2492,82.0
2493,85.0
2494,85.0
2495,84.0
2496,79.0
2497,77.0
2498,79.0
2499,83.0
2500,78.0
2501,81.0
2502,78.0
2503,82.0
2504,83.0
2505,89.0
2506,97.0
2507,117.0
2508,127.0
2509,142.0
2510,138.0
2511,141.0
2512,128.0
2513,111.0
2514,104.0
2515,103.0
2516,104.0
2517,106.0
2518,135.0
2519,178.0
2520,204.0
2521,192.0
2522,123.0
2523,97.0
2524,82.0
2525,75.0
2526,70.0
2527,68.0
2528,70.0
2529,72.0
2530,82.0
2531,83.0
2532,65.0
2533,52.0
2534,55.0
2535,58.0
2536,59.0
2537,68.0
2538,78.0
2539,81.0
2540,75.0
2541,81.0
2542,84.0
2543,88.0
2544,84.0
2545,83.0
2546,81.0
2547,80.0
2548,76.0
2549,77.0
2550,72.0
2551,72.0
2552,71.0
2553,73.0
2554,75.0
2555,75.0
2556,79.0
2557,70.0
2558,55.0
2559,65.0
2560,80.0
2561,114.0
2562,116.0
2563,110.0
2564,99.0
2565,87.0
2566,65.0
2567,66.0
2568,68.0
2569,76.0
2570,78.0
2571,80.0
2572,77.0
2573,78.0
2574,73.0
2575,72.0
2576,65.0
2577,66.0
2578,61.0
2579,66.0
2580,64.0
2581,61.0
2582,50.0
2583,44.0
2584,47.0
2585,36.0
2586,40.0
2587,35.0
2588,31.0
2589,23.0
2590,19.0
2591,16.0
2592,17.0
2593,17.0
2594,18.0
2595,18.0
2596,19.0
2597,20.0
2598,21.0
2599,21.0
2600,21.0
2601,21.0
2602,19.0
2603,22.0
2604,17.0
2605,16.0
2606,21.0
2607,24.0
2608,22.0
2609,23.0
2610,21.0
2611,19.0
2612,18.0
2613,20.0
2614,23.0
2615,21.0
2616,22.0
2617,20.0
2618,19.0
2619,20.0
2620,24.0
2621,26.0
2622,25.0
2623,27.0
2624,30.0
2625,35.0
2626,44.0
2627,46.0
2628,54.0
2629,70.0
2630,54.0
2631,44.0
2632,43.0
2633,44.0
2634,36.0
2635,32.0
2636,32.0
2637,35.0
2638,32.0
2639,27.0
2640,25.0
2641,25.0
2642,22.0
2643,23.0
2644,21.0
2645,22.0
2646,22.0
2647,25.0
2648,27.0
2649,28.0
2650,35.0
2651,40.0
2652,41.0
2653,44.0
2654,44.0
2655,31.0
2656,36.0
2657,47.0
2658,35.0
2659,39.0
2660,48.0
2661,49.0
2662,46.0
2663,43.0
2664,39.0
2665,37.0
2666,37.0
2667,38.0
2668,39.0
2669,43.0
2670,38.0
2671,36.0
2672,36.0
2673,34.0
2674,31.0
2675,36.0
2676,41.0
2677,49.0
2678,47.0
2679,48.0
2680,55.0
2681,56.0
2682,57.0
2683,62.0
2684,65.0
2685,69.0
2686,58.0
2687,57.0
2688,60.0
2689,59.0
2690,49.0
2691,49.0
2692,46.0
2693,49.0
2694,45.0
2695,48.0
2696,46.0
2697,45.0
2698,44.0
2699,49.0
2700,51.0
2701,54.0
2702,50.0
2703,50.0
2704,50.0
2705,45.0
2706,42.0
2707,41.0
2708,40.0
2709,39.0
2710,35.0
2711,36.0
2712,37.0
2713,36.0
2714,34.0
2715,32.0
2716,32.0
2717,38.0
2718,48.0
2719,86.0
2720,96.0
2721,93.0
2722,64.0
2723,37.0
2724,31.0
2725,35.0
2726,37.0
2727,39.0
2728,45.0
2729,43.0
2730,43.0
2731,39.0
2732,34.0
2733,38.0
2734,37.0
2735,40.0
2736,37.0
2737,36.0
2738,32.0
2739,28.0
2740,21.0
2741,18.0
2742,13.0
2743,13.0
2744,10.0
2745,10.0
2746,9.0
2747,9.0
2748,9.0
2749,9.0
2750,9.0
2751,8.0
2752,6.0
2753,9.0
2754,8.0
2755,10.0
2756,6.0
2757,8.0
2758,5.0
2759,4.0
2760,3.0
2761,5.0
2762,5.0
2763,7.0
2764,7.0
2765,9.0
2766,11.0
2767,11.0
2768,13.0
2769,14.0
2770,14.0
2771,38.92536106296938
2772,11.0
2773,9.0
2774,9.0
2775,11.0
2776,12.0
2777,17.0
2778,17.0
2779,14.0
2780,14.0
2781,23.0
2782,26.0
2783,22.0
2784,18.0
2785,23.0
2786,23.0
2787,21.0
2788,18.0
2789,20.0
2790,19.0
2791,20.0
2792,17.0
2793,19.0
2794,19.0
2795,21.0
2796,18.0
2797,13.0
2798,17.0
2799,16.0
2800,19.0
2801,23.0
2802,28.0
2803,32.0
2804,33.0
2805,39.0
2806,45.0
2807,44.0
2808,46.0
2809,45.0
2810,40.0
2811,40.0
2812,32.0
2813,32.0
2814,28.0
2815,24.0
2816,31.0
2817,55.0
2818,55.0
2819,52.0
2820,31.0
2821,28.0
2822,41.0
2823,59.0
2824,68.0
2825,66.0
2826,45.0
2827,30.0
2828,29.0
2829,32.0
2830,33.0
2831,37.0
2832,39.0
2833,44.0
2834,49.0
2835,55.0
2836,59.0
2837,56.0
2838,53.0
2839,51.0
2840,48.0
2841,45.0
2842,38.0
2843,31.0
2844,26.0
2845,20.0
2846,24.0
2847,38.92536106296938
2848,38.92536106296938
2849,36.0
2850,34.0
2851,35.0
2852,38.0
2853,38.0
2854,34.0
2855,35.0
2856,34.0
2857,34.0
2858,36.0
2859,37.0
2860,36.0
2861,38.0
2862,36.0
2863,36.0
2864,37.0
2865,38.0
2866,48.0
2867,53.0
2868,40.0
2869,34.0
2870,37.0
2871,37.0
2872,32.0
2873,27.0
2874,26.0
2875,27.0
2876,25.0
2877,24.0
2878,22.0
2879,25.0
2880,27.0
2881,31.0
2882,30.0
2883,31.0
2884,27.0
2885,28.0
2886,25.0
2887,26.0
2888,22.0
2889,19.0
2890,20.0
2891,13.0
2892,12.0
2893,17.0
2894,25.0
2895,31.0
2896,27.0
2897,30.0
2898,29.0
2899,24.0
2900,22.0
2901,21.0
2902,23.0
2903,23.0
2904,26.0
2905,30.0
2906,28.0
2907,30.0
2908,32.0
2909,31.0
2910,32.0
2911,34.0
2912,33.0
2913,39.0
2914,48.0
2915,38.0
2916,42.0
2917,55.0
2918,75.0
2919,102.0
2920,74.0
2921,55.0
2922,55.0
2923,52.0
2924,56.0
2925,62.0
2926,62.0
2927,64.0
2928,68.0
2929,66.0
2930,62.0
2931,58.0
2932,52.0
2933,50.0
2934,51.0
2935,55.0
2936,53.0
2937,48.0
2938,49.0
2939,51.0
2940,49.0
2941,48.0
2942,50.0
2943,51.0
2944,52.0
2945,57.0
2946,57.0
2947,60.0
2948,61.0
2949,66.0
2950,62.0
2951,60.0
2952,59.0
2953,59.0
2954,54.0
2955,55.0
2956,50.0
2957,46.0
2958,46.0
2959,46.0
2960,47.0
2961,49.0
2962,51.0
2963,49.0
2964,55.0
2965,61.0
2966,75.0
2967,92.0
2968,105.0
2969,101.0
2970,111.0
2971,125.0
2972,126.0
2973,104.0
2974,79.0
2975,63.0
2976,49.0
2977,52.0
2978,40.0
2979,25.0
2980,22.0
2981,20.0
2982,27.0
2983,36.0
2984,36.0
2985,35.0
2986,31.0
2987,34.0
2988,31.0
2989,27.0
2990,30.0
2991,35.0
2992,32.0
2993,37.0
2994,40.0
2995,39.0
2996,36.0
2997,35.0
2998,32.0
2999,32.0
3000,26.0
3001,25.0
3002,26.0
3003,26.0
3004,27.0
3005,29.0
3006,28.0
3007,30.0
3008,31.0
3009,35.0
3010,35.0
3011,33.0
3012,28.0
3013,54.0
3014,32.0
3015,39.0
3016,36.0
3017,34.0
3018,33.0
3019,35.0
3020,36.0
3021,37.0
3022,36.0
3023,32.0
3024,28.0
3025,30.0
3026,47.0
3027,52.0
3028,39.0
3029,29.0
3030,25.0
3031,26.0
3032,24.0
3033,26.0
3034,25.0
3035,23.0
3036,24.0
3037,23.0
3038,17.0
3039,16.0
3040,15.0
3041,18.0
3042,24.0
3043,26.0
3044,23.0
3045,21.0
3046,19.0
3047,17.0
3048,21.0
3049,23.0
3050,20.0
3051,25.0
3052,24.0
3053,28.0
3054,27.0
3055,28.0
3056,28.0
3057,26.0
3058,32.0
3059,38.0
3060,36.0
3061,46.0
3062,42.0
3063,39.0
3064,36.0
3065,37.0
3066,28.0
3067,30.0
3068,26.0
3069,24.0
3070,23.0
3071,24.0
3072,25.0
3073,25.0
3074,24.0
3075,23.0
3076,22.0
3077,21.0
3078,23.0
3079,24.0
3080,26.0
3081,30.0
3082,34.0
3083,42.0
3084,56.0
3085,64.0
3086,82.0
3087,108.0
3088,115.0
3089,120.0
3090,116.0
3091,118.0
3092,116.0
3093,112.0
3094,104.0
3095,108.0
3096,109.0
3097,117.0
3098,119.0
3099,134.0
3100,132.0
3101,141.0
3102,132.0
3103,134.0
3104,138.0
3105,137.0
3106,117.0
3107,115.0
3108,114.0
3109,107.0
3110,84.0
3111,58.0
3112,37.0
3113,29.0
3114,27.0
3115,23.0
3116,15.0
3117,18.0
3118,25.0
3119,35.0
3120,38.0
3121,42.0
3122,35.0
3123,37.0
3124,37.0
3125,35.0
3126,31.0
3127,29.0
3128,27.0
3129,28.0
3130,30.0
3131,31.0
3132,28.0
3133,26.0
3134,21.0
3135,23.0
3136,23.0
3137,25.0
3138,25.0
3139,21.0
3140,18.0
3141,21.0
3142,21.0
3143,24.0
3144,25.0
3145,29.0
3146,27.0
3147,26.0
3148,25.0
3149,23.0
3150,25.0
3151,25.0
3152,25.0
3153,25.0
3154,26.0
3155,29.0
3156,25.0
3157,29.0
3158,27.0
3159,26.0
3160,18.0
3161,17.0
3162,20.0
3163,15.0
3164,21.0
3165,19.0
3166,19.0
3167,19.0
3168,18.0
3169,20.0
3170,20.0
3171,24.0
3172,25.0
3173,23.0
3174,25.0
3175,30.0
3176,29.0
3177,33.0
3178,37.0
3179,40.0
3180,41.0
3181,40.0
3182,42.0
3183,45.0
3184,41.0
3185,40.0
3186,40.0
3187,40.0
3188,40.0
3189,40.0
3190,42.0
3191,45.0
3192,43.0
3193,48.0
3194,51.0
3195,57.0
3196,57.0
3197,55.0
3198,56.0
3199,55.0
3200,57.0
3201,63.0
3202,65.0
3203,71.0
3204,78.0
3205,82.0
3206,79.0
3207,81.0
3208,69.0
3209,70.0
3210,69.0
3211,89.0
3212,89.0
3213,95.0
3214,87.0
3215,92.0
3216,86.0
3217,87.0
3218,84.0
3219,87.0
3220,80.0
3221,81.0
3222,75.0
3223,77.0
3224,77.0
3225,79.0
3226,79.0
3227,83.0
3228,82.0
3229,90.0
3230,73.0
3231,78.0
3232,76.0
3233,78.0
3234,78.0
3235,91.0
3236,98.0
3237,113.0
3238,109.0
3239,106.0
3240,94.0
3241,89.0
3242,83.0
3243,83.0
3244,77.0
3245,81.0
3246,83.0
3247,92.0
3248,93.0
3249,94.0
3250,98.0
3251,95.0
3252,89.0
3253,94.0
3254,74.0
3255,68.0
3256,71.0
3257,94.0
3258,97.0
3259,96.0
3260,84.0
3261,85.0
3262,82.0
3263,86.0
3264,82.0
3265,80.0
3266,71.0
3267,74.0
3268,69.0
3269,72.0
3270,72.0
3271,75.0
3272,68.0
3273,72.0
3274,68.0
3275,72.0
3276,80.0
3277,78.0
3278,77.0
3279,97.0
3280,88.0
3281,88.0
3282,95.0
3283,113.0
3284,118.0
3285,119.0
3286,114.0
3287,113.0
3288,114.0
3289,125.0
3290,128.0
3291,127.0
3292,122.0
3293,113.0
3294,93.0
3295,88.0
3296,65.0
3297,34.0
3298,37.0
3299,38.0
3300,35.0
3301,34.0
3302,33.0
3303,31.0
3304,30.0
3305,28.0
3306,25.0
3307,29.0
3308,31.0
3309,29.0
3310,25.0
3311,24.0
3312,21.0
3313,21.0
3314,20.0
3315,21.0
3316,22.0
3317,22.0
3318,21.0
3319,19.0
3320,23.0
3321,25.0
3322,27.0
3323,29.0
3324,38.92536106296938
3325,38.92536106296938
3326,26.0
3327,25.0
3328,23.0
3329,24.0
3330,19.0
3331,16.0
3332,27.0
3333,24.0
3334,22.0
3335,24.0
3336,36.0
3337,42.0
3338,37.0
3339,40.0
3340,39.0
3341,40.0
3342,41.0
3343,45.0
3344,49.0
3345,55.0
3346,52.0
3347,54.0
3348,55.0
3349,63.0
3350,59.0
3351,56.0
3352,43.0
3353,43.0
3354,34.0
3355,31.0
3356,32.0
3357,43.0
3358,36.0
3359,33.0
3360,32.0
3361,29.0
3362,29.0
3363,32.0
3364,29.0
3365,28.0
3366,29.0
3367,29.0
3368,31.0
3369,36.0
3370,51.0
3371,57.0
3372,57.0
3373,52.0
3374,49.0
3375,52.0
3376,53.0
3377,56.0
3378,56.0
3379,51.0
3380,47.0
3381,43.0
3382,47.0
3383,49.0
3384,46.0
3385,49.0
3386,45.0
3387,42.0
3388,41.0
3389,40.0
3390,44.0
3391,43.0
3392,46.0
3393,46.0
3394,51.0
3395,46.0
3396,43.0
3397,43.0
3398,45.0
3399,48.0
3400,50.0
3401,50.0
3402,46.0
3403,43.0
3404,47.0
3405,48.0
3406,48.0
3407,49.0
3408,49.0
3409,53.0
3410,55.0
3411,57.0
3412,59.0
3413,63.0
3414,66.0
3415,75.0
3416,85.0
3417,95.0
3418,109.0
3419,125.0
3420,117.0
3421,105.0
3422,71.0
3423,62.0
3424,58.0
3425,60.0
3426,57.0
3427,41.0
3428,40.0
3429,51.0
3430,58.0
3431,53.0
3432,56.0
3433,69.0
3434,73.0
3435,72.0
3436,85.0
3437,92.0
3438,88.0
3439,88.0
3440,89.0
3441,96.0
3442,99.0
3443,90.0
3444,84.0
3445,73.0
3446,68.0
3447,69.0
3448,65.0
3449,60.0
3450,58.0
3451,56.0
3452,55.0
3453,56.0
3454,55.0
3455,55.0
3456,55.0
3457,55.0
3458,54.0
3459,50.0
3460,50.0
3461,49.0
3462,52.0
3463,47.0
3464,45.0
3465,56.0
3466,54.0
3467,58.0
3468,59.0
3469,78.0
3470,88.0
3471,88.0
3472,87.0
3473,69.0
3474,46.0
3475,45.0
3476,45.0
3477,46.0
3478,47.0
3479,40.0
3480,34.0
3481,34.0
3482,34.0
3483,37.0
3484,44.0
3485,51.0
3486,55.0
3487,60.0
3488,60.0
3489,61.0
3490,67.0
3491,72.0
3492,69.0
3493,65.0
3494,61.0
3495,56.0
3496,50.0
3497,48.0
3498,46.0
3499,46.0
3500,48.0
3501,56.0
3502,59.0
3503,59.0
3504,56.0
3505,51.0
3506,53.0
3507,54.0
3508,53.0
3509,51.0
3510,51.0
3511,54.0
3512,54.0
3513,54.0
3514,51.0
3515,38.92536106296938
3516,38.92536106296938
3517,38.92536106296938
3518,49.0
3519,49.0
3520,54.0
3521,60.0
3522,51.0
3523,57.0
3524,47.0
3525,42.0
3526,37.0
3527,44.0
3528,45.0
3529,43.0
3530,43.0
3531,41.0
3532,43.0
3533,46.0
3534,41.0
3535,44.0
3536,50.0
3537,64.0
3538,65.0
3539,75.0
3540,69.0
3541,69.0
3542,55.0
3543,63.0
3544,61.0
3545,63.0
3546,51.0
3547,53.0
3548,53.0
3549,53.0
3550,58.0
3551,60.0
3552,61.0
3553,60.0
3554,55.0
3555,56.0
3556,49.0
3557,54.0
3558,48.0
3559,48.0
3560,46.0
3561,46.0
3562,51.0
3563,46.0
3564,36.0
3565,27.0
3566,21.0
3567,21.0
3568,21.0
3569,20.0
3570,22.0
3571,28.0
3572,27.0
3573,32.0
3574,31.0
3575,28.0
3576,28.0
3577,22.0
3578,19.0
3579,17.0
3580,17.0
3581,19.0
3582,16.0
3583,19.0
3584,18.0
3585,15.0
3586,18.0
3587,19.0
3588,12.0
3589,15.0
3590,12.0
3591,16.0
3592,14.0
3593,19.0
3594,18.0
3595,24.0
3596,26.0
3597,26.0
3598,21.0
3599,21.0
3600,19.0
3601,19.0
3602,16.0
3603,19.0
3604,17.0
3605,18.0
3606,17.0
3607,20.0
3608,20.0
3609,16.0
3610,17.0
3611,22.0
3612,23.0
3613,22.0
3614,23.0
3615,25.0
3616,25.0
3617,27.0
3618,27.0
3619,33.0
3620,30.0
3621,34.0
3622,33.0
3623,33.0
3624,33.0
3625,32.0
3626,32.0
3627,35.0
3628,38.0
3629,32.0
3630,25.0
3631,24.0
3632,19.0
3633,14.0
3634,11.0
3635,9.0
3636,7.0
3637,9.0
3638,5.0
3639,8.0
3640,7.0
3641,4.0
3642,5.0
3643,7.0
3644,3.0
3645,6.0
3646,3.0
3647,3.0
3648,4.0
3649,4.0
3650,3.0
3651,3.0
3652,3.0
3653,5.0
3654,3.0
3655,5.0
3656,3.0
3657,5.0
3658,10.0
3659,8.0
3660,7.0
3661,10.0
3662,9.0
3663,11.0
3664,17.0
3665,23.0
3666,13.0
3667,18.0
3668,15.0
3669,16.0
3670,22.0
3671,27.0
3672,25.0
3673,30.0
3674,31.0
3675,31.0
3676,21.0
3677,22.0
3678,20.0
3679,21.0
3680,22.0
3681,26.0
3682,32.0
3683,40.0
3684,44.0
3685,47.0
3686,48.0
3687,51.0
3688,48.0
3689,51.0
3690,43.0
3691,50.0
3692,52.0
3693,61.0
3694,56.0
3695,59.0
3696,56.0
3697,60.0
3698,54.0
3699,52.0
3700,50.0
3701,51.0
3702,50.0
3703,49.0
3704,48.0
3705,48.0
3706,49.0
3707,55.0
3708,57.0
3709,51.0
3710,54.0
3711,54.0
3712,42.0
3713,34.0
3714,31.0
3715,35.0
3716,37.0
3717,39.0
3718,41.0
3719,41.0
3720,40.0
3721,42.0
3722,38.0
3723,40.0
3724,37.0
3725,38.0
3726,39.0
3727,43.0
3728,54.0
3729,61.0
3730,61.0
3731,62.0
3732,54.0
3733,60.0
3734,61.0
3735,44.0
3736,31.0
3737,34.0
3738,28.0
3739,35.0
3740,35.0
3741,36.0
3742,33.0
3743,33.0
3744,29.0
3745,33.0
3746,33.0
3747,36.0
3748,36.0
3749,36.0
3750,39.0
3751,41.0
3752,46.0
3753,51.0
3754,49.0
3755,41.0
3756,26.0
3757,27.0
3758,31.0
3759,33.0
3760,27.0
3761,24.0
3762,22.0
3763,20.0
3764,19.0
3765,14.0
3766,12.0
3767,13.0
3768,11.0
3769,14.0
3770,11.0
3771,12.0
3772,12.0
3773,9.0
3774,10.0
3775,9.0
3776,10.0
3777,9.0
3778,10.0
3779,12.0
3780,19.0
3781,27.0
3782,31.0
3783,34.0
3784,31.0
3785,37.0
3786,38.0
3787,41.0
3788,37.0
3789,36.0
3790,35.0
3791,38.0
3792,31.0
3793,30.0
3794,33.0
3795,35.0
3796,34.0
3797,37.0
3798,37.0
3799,42.0
3800,44.0
3801,49.0
3802,46.0
3803,44.0
3804,49.0
3805,49.0
3806,43.0
3807,44.0
3808,44.0
3809,56.0
3810,53.0
3811,45.0
3812,36.0
3813,31.0
3814,34.0
3815,36.0
3816,34.0
3817,36.0
3818,35.0
3819,36.0
3820,33.0
3821,35.0
3822,35.0
3823,37.0
3824,37.0
3825,44.0
3826,49.0
3827,60.0
3828,51.0
3829,38.92536106296938
3830,38.92536106296938
3831,38.92536106296938
3832,67.0
3833,70.0
3834,53.0
3835,42.0
3836,46.0
3837,55.0
3838,55.0
3839,57.0
3840,62.0
3841,65.0
3842,70.0
3843,75.0
3844,68.0
3845,66.0
3846,60.0
3847,62.0
3848,67.0
3849,78.0
3850,83.0
3851,90.0
3852,90.0
3853,92.0
3854,84.0
3855,83.0
3856,76.0
3857,87.0
3858,96.0
3859,133.0
3860,148.0
3861,158.0
3862,146.0
3863,143.0
3864,131.0
3865,135.0
3866,134.0
3867,133.0
3868,129.0
3869,129.0
3870,124.0
3871,127.0
3872,131.0
3873,134.0
3874,145.0
3875,169.0
3876,160.0
3877,126.0
3878,103.0
3879,113.0
3880,109.0
3881,108.0
3882,116.0
3883,120.0
3884,121.0
3885,94.0
3886,70.0
3887,67.0
3888,65.0
3889,72.0
3890,73.0
3891,77.0
3892,77.0
3893,77.0
3894,78.0
3895,93.0
3896,90.0
3897,100.0
3898,100.0
3899,113.0
3900,112.0
3901,114.0
3902,86.0
3903,51.0
3904,34.0
3905,24.0
3906,23.0
3907,27.0
3908,27.0
3909,25.0
3910,27.0
3911,37.0
3912,41.0
3913,45.0
3914,41.0
3915,40.0
3916,40.0
3917,43.0
3918,45.0
3919,50.0
3920,55.0
3921,62.0
3922,59.0
3923,62.0
3924,64.0
3925,68.0
3926,67.0
3927,60.0
3928,58.0
3929,61.0
3930,60.0
3931,56.0
3932,56.0
3933,63.0
3934,61.0
3935,63.0
3936,66.0
3937,72.0
3938,77.0
3939,86.0
3940,85.0
3941,93.0
3942,92.0
3943,95.0
3944,97.0
3945,99.0
3946,100.0
3947,102.0
3948,100.0
3949,99.0
3950,90.0
3951,85.0
3952,70.0
3953,68.0
3954,66.0
3955,73.0
3956,61.0
3957,60.0
3958,64.0
3959,71.0
3960,80.0
3961,99.0
3962,96.0
3963,90.0
3964,90.0
3965,103.0
3966,102.0
3967,96.0
3968,92.0
3969,100.0
3970,114.0
3971,114.0
3972,110.0
3973,110.0
3974,98.0
3975,95.0
3976,93.0
3977,93.0
3978,74.0
3979,76.0
3980,64.0
3981,56.0
3982,52.0
3983,54.0
3984,58.0
3985,36.0
3986,13.0
3987,25.0
3988,38.0
3989,61.0
3990,40.0
3991,39.0
3992,66.0
3993,104.0
3994,117.0
3995,131.0
3996,135.0
3997,131.0
3998,134.0
3999,151.0
4000,129.0
4001,116.0
4002,108.0
4003,107.0
4004,106.0
4005,112.0
4006,112.0
4007,110.0
4008,105.0
4009,112.0
4010,112.0
4011,115.0
4012,107.0
4013,105.0
4014,102.0
4015,103.0
4016,100.0
4017,103.0
4018,105.0
4019,107.0
4020,103.0
4021,100.0
4022,95.0
4023,91.0
4024,90.0
4025,89.0
4026,96.0
4027,108.0
4028,97.0
4029,94.0
4030,86.0
4031,78.0
4032,75.0
4033,77.0
4034,74.0
4035,72.0
4036,71.0
4037,74.0
4038,73.0
4039,74.0
4040,74.0
4041,85.0
4042,90.0
4043,104.0
4044,102.0
4045,107.0
4046,107.0
4047,110.0
4048,110.0
4049,117.0
4050,129.0
4051,150.0
4052,135.0
4053,138.0
4054,124.0
4055,125.0
4056,115.0
4057,116.0
4058,89.0
4059,71.0
4060,62.0
4061,70.0
4062,68.0
4063,53.0
4064,51.0
4065,50.0
4066,59.0
4067,62.0
4068,62.0
4069,62.0
4070,60.0
4071,64.0
4072,63.0
4073,64.0
4074,62.0
4075,70.0
4076,81.0
4077,77.0
4078,73.0
4079,71.0
4080,41.0
4081,40.0
4082,39.0
4083,38.0
4084,36.0
4085,35.0
4086,33.0
4087,33.0
4088,32.0
4089,30.0
4090,26.0
4091,27.0
4092,22.0
4093,24.0
4094,18.0
4095,16.0
4096,15.0
4097,15.0
4098,15.0
4099,20.0
4100,25.0
4101,28.0
4102,28.0
4103,40.0
4104,51.0
4105,55.0
4106,48.0
4107,51.0
4108,52.0
4109,53.0
4110,56.0
4111,58.0
4112,56.0
4113,53.0
4114,52.0
4115,55.0
4116,55.0
4117,46.0
4118,35.0
4119,37.0
4120,30.0
4121,29.0
4122,30.0
4123,31.0
4124,29.0
4125,32.0
4126,33.0
4127,31.0
4128,29.0
4129,29.0
4130,29.0
4131,29.0
4132,29.0
4133,33.0
4134,34.0
4135,36.0
4136,34.0
4137,33.0
4138,36.0
4139,38.0
4140,57.0
4141,38.92536106296938
4142,38.92536106296938
4143,38.92536106296938
4144,43.0
4145,42.0
4146,36.0
4147,35.0
4148,43.0
4149,55.0
4150,56.0
4151,60.0
4152,63.0
4153,67.0
4154,63.0
4155,60.0
4156,62.0
4157,62.0
4158,65.0
4159,70.0
4160,72.0
4161,77.0
4162,80.0
4163,89.0
4164,96.0
4165,102.0
4166,102.0
4167,103.0
4168,110.0
4169,108.0
4170,94.0
4171,91.0
4172,81.0
4173,77.0
4174,77.0
4175,77.0
4176,75.0
4177,80.0
4178,81.0
4179,85.0
4180,87.0
4181,90.0
4182,90.0
4183,89.0
4184,87.0
4185,85.0
4186,78.0
4187,74.0
4188,59.0
4189,55.0
4190,65.0
4191,70.0
4192,62.0
4193,55.0
4194,52.0
4195,42.0
4196,36.0
4197,34.0
4198,32.0
4199,33.0
4200,35.0
4201,37.0
4202,36.0
4203,33.0
4204,36.0
4205,38.0
4206,38.0
4207,41.0
4208,42.0
4209,46.0
4210,52.0
4211,58.0
4212,66.0
4213,87.0
4214,95.0
4215,100.0
4216,103.0
4217,115.0
4218,112.0
4219,109.0
4220,97.0
4221,87.0
4222,80.0
4223,78.0
4224,79.0
4225,91.0
4226,102.0
4227,107.0
4228,111.0
4229,115.0
4230,116.0
4231,120.0
4232,122.0
4233,124.0
4234,132.0
4235,142.0
4236,139.0
4237,121.0
4238,102.0
4239,90.0
4240,66.0
4241,66.0
4242,88.0
4243,81.0
4244,99.0
4245,120.0
4246,99.0
4247,96.0
4248,84.0
4249,94.0
4250,97.0
4251,110.0
4252,106.0
4253,101.0
4254,77.0
4255,74.0
4256,76.0
4257,81.0
4258,81.0
4259,81.0
4260,76.0
4261,64.0
4262,49.0
4263,44.0
4264,45.0
4265,38.0
4266,33.0
4267,30.0
4268,25.0
4269,25.0
4270,20.0
4271,15.0
4272,16.0
4273,14.0
4274,10.0
4275,7.0
4276,7.0
4277,8.0
4278,8.0
4279,16.0
4280,13.0
4281,7.0
4282,8.0
4283,12.0
4284,13.0
4285,20.0
4286,23.0
4287,22.0
4288,26.0
4289,29.0
4290,20.0
4291,21.0
4292,24.0
4293,27.0
4294,38.0
4295,53.0
4296,41.0
4297,28.0
4298,78.0
4299,277.0
4300,389.0
4301,444.0
4302,474.0
4303,469.0
4304,445.0
4305,496.0
4306,549.0
4307,472.0
4308,242.0
4309,200.0
4310,229.0
4311,180.0
4312,170.0
4313,171.0
4314,171.0
4315,167.0
4316,176.0
4317,210.0
4318,277.0
4319,329.0
4320,314.0
4321,352.0
4322,365.0
4323,343.0
4324,322.0
4325,296.0
4326,238.0
4327,183.0
4328,153.0
4329,164.0
4330,154.0
4331,120.0
4332,65.0
4333,58.0
4334,52.0
4335,49.0
4336,49.0
4337,48.0
4338,43.0
4339,48.0
4340,49.0
4341,46.0
4342,42.0
4343,43.0
4344,45.0
4345,45.0
4346,43.0
4347,45.0
4348,40.0
4349,39.0
4350,39.0
4351,43.0
4352,43.0
4353,76.0
4354,54.0
4355,54.0
4356,47.0
4357,39.0
4358,34.0
4359,26.0
4360,31.0
4361,43.0
4362,40.0
4363,37.0
4364,37.0
4365,39.0
4366,35.0
4367,39.0
4368,35.0
4369,38.0
4370,37.0
4371,38.0
4372,31.0
4373,34.0
4374,32.0
4375,32.0
4376,34.0
4377,36.0
4378,37.0
4379,36.0
4380,36.0
4381,39.0
4382,41.0
4383,43.0
4384,43.0
4385,52.0
4386,63.0
4387,69.0
4388,58.0
4389,49.0
4390,53.0
4391,57.0
4392,51.0
4393,53.0
4394,52.0
4395,51.0
4396,49.0
4397,50.0
4398,47.0
4399,45.0
4400,44.0
4401,43.0
4402,42.0
4403,40.0
4404,37.0
4405,36.0
4406,36.0
4407,38.0
4408,43.0
4409,43.0
4410,43.0
4411,53.0
4412,64.0
4413,59.0
4414,60.0
4415,59.0
4416,55.0
4417,55.0
4418,55.0
4419,54.0
4420,51.0
4421,52.0
4422,50.0
4423,50.0
4424,50.0
4425,52.0
4426,52.0
4427,60.0
4428,44.0
4429,28.0
4430,20.0
4431,19.0
4432,12.0
4433,9.0
4434,5.0
4435,8.0
4436,5.0
4437,3.0
4438,14.0
4439,11.0
4440,3.0
4441,5.0
4442,3.0
4443,4.0
4444,3.0
4445,5.0
4446,3.0
4447,3.0
4448,3.0
4449,3.0
4450,3.0
4451,3.0
4452,3.0
4453,7.0
4454,6.0
4455,11.0
4456,8.0
4457,15.0
4458,15.0
4459,19.0
4460,22.0
4461,22.0
4462,22.0
4463,25.0
4464,23.0
4465,22.0
4466,21.0
4467,21.0
4468,21.0
4469,21.0
4470,19.0
4471,21.0
4472,19.0
4473,18.0
4474,19.0
4475,18.0
4476,17.0
4477,16.0
4478,14.0
4479,14.0
4480,16.0
4481,17.0
4482,29.0
4483,30.0
4484,22.0
4485,21.0
4486,19.0
4487,20.0
4488,20.0
4489,21.0
4490,23.0
4491,24.0
4492,24.0
4493,26.0
4494,26.0
4495,31.0
4496,28.0
4497,31.0
4498,37.0
4499,41.0
4500,40.0
4501,46.0
4502,49.0
4503,51.0
4504,47.0
4505,50.0
4506,55.0
4507,58.0
4508,54.0
4509,46.0
4510,45.0
4511,51.0
4512,52.0
4513,56.0
4514,57.0
4515,62.0
4516,60.0
4517,65.0
4518,76.0
4519,87.0
4520,77.0
4521,71.0
4522,77.0
4523,85.0
4524,79.0
4525,63.0
4526,40.0
4527,41.0
4528,48.0
4529,40.0
4530,32.0
4531,31.0
4532,28.0
4533,31.0
4534,39.0
4535,47.0
4536,42.0
4537,34.0
4538,32.0
4539,32.0
4540,30.0
4541,32.0
4542,34.0
4543,47.0
4544,42.0
4545,36.0
4546,32.0
4547,31.0
4548,35.0
4549,38.0
4550,28.0
4551,24.0
4552,28.0
4553,38.92536106296938
4554,38.92536106296938
4555,39.0
4556,36.0
4557,29.0
4558,27.0
4559,34.0
4560,34.0
4561,35.0
4562,35.0
4563,37.0
4564,35.0
4565,41.0
4566,40.0
4567,38.0
4568,32.0
4569,29.0
4570,24.0
4571,27.0
4572,24.0
4573,25.0
4574,26.0
4575,30.0
4576,33.0
4577,36.0
4578,37.0
4579,39.0
4580,37.0
4581,39.0
4582,37.0
4583,34.0
4584,25.0
4585,26.0
4586,23.0
4587,23.0
4588,21.0
4589,24.0
4590,23.0
4591,24.0
4592,23.0
4593,22.0
4594,25.0
4595,32.0
4596,33.0
4597,33.0
4598,38.0
4599,45.0
4600,54.0
4601,54.0
4602,45.0
4603,39.0
4604,37.0
4605,44.0
4606,40.0
4607,38.0
4608,39.0
4609,39.0
4610,35.0
4611,34.0
4612,33.0
4613,34.0
4614,38.0
4615,39.0
4616,36.0
4617,36.0
4618,35.0
4619,43.0
4620,37.0
4621,42.0
4622,51.0
4623,54.0
4624,51.0
4625,54.0
4626,60.0
4627,58.0
4628,48.0
4629,47.0
4630,50.0
4631,53.0
4632,53.0
4633,55.0
4634,51.0
4635,59.0
4636,55.0
4637,62.0
4638,58.0
4639,68.0
4640,92.0
4641,60.0
4642,51.0
4643,42.0
4644,31.0
4645,29.0
4646,31.0
4647,29.0
4648,27.0
4649,22.0
4650,17.0
4651,20.0
4652,19.0
4653,16.0
4654,11.0
4655,10.0
4656,8.0
4657,4.0
4658,5.0
4659,3.0
4660,3.0
4661,4.0
4662,4.0
4663,7.0
4664,5.0
4665,11.0
4666,11.0
4667,16.0
4668,23.0
4669,20.0
4670,20.0
4671,18.0
4672,17.0
4673,22.0
4674,21.0
4675,23.0
4676,20.0
4677,20.0
4678,20.0
4679,21.0
4680,20.0
4681,24.0
4682,24.0
4683,24.0
4684,24.0
4685,23.0
4686,21.0
4687,22.0
4688,19.0
4689,16.0
4690,17.0
4691,18.0
4692,24.0
4693,29.0
4694,29.0
4695,27.0
4696,29.0
4697,33.0
4698,33.0
4699,36.0
4700,38.0
4701,42.0
4702,37.0
4703,38.0
4704,38.0
4705,41.0
4706,39.0
4707,40.0
4708,42.0
4709,43.0
4710,43.0
4711,45.0
4712,48.0
4713,51.0
4714,51.0
4715,51.0
4716,53.0
4717,56.0
4718,46.0
4719,48.0
4720,52.0
4721,56.0
4722,57.0
4723,55.0
4724,50.0
4725,51.0
4726,42.0
4727,45.0
4728,39.0
4729,41.0
4730,40.0
4731,35.0
4732,30.0
4733,30.0
4734,31.0
4735,29.0
4736,27.0
4737,30.0
4738,30.0
4739,31.0
4740,30.0
4741,21.0
4742,20.0
4743,43.0
4744,99.0
4745,240.0
4746,348.0
4747,217.0
4748,76.0
4749,75.0
4750,79.0
4751,93.0
4752,90.0
4753,82.0
4754,75.0
4755,75.0
4756,76.0
4757,66.0
4758,60.0
4759,64.0
4760,69.0
4761,78.0
4762,109.0
4763,150.0
4764,159.0
4765,149.0
4766,140.0
4767,130.0
4768,79.0
4769,59.0
4770,36.0
4771,43.0
4772,37.0
4773,31.0
4774,34.0
4775,36.0
4776,37.0
4777,38.0
4778,30.0
4779,23.0
4780,18.0
4781,18.0
4782,16.0
4783,16.0
4784,14.0
4785,12.0
4786,16.0
4787,24.0
4788,29.0
4789,33.0
4790,34.0
4791,39.0
4792,41.0
4793,43.0
4794,46.0
4795,54.0
4796,49.0
4797,43.0
4798,40.0
4799,39.0
4800,36.0
4801,37.0
4802,33.0
4803,34.0
4804,38.0
4805,43.0
4806,41.0
4807,45.0
4808,45.0
4809,47.0
4810,50.0
4811,51.0
4812,49.0
4813,51.0
4814,55.0
4815,56.0
4816,56.0
4817,59.0
4818,60.0
4819,64.0
4820,61.0
4821,59.0
4822,57.0
4823,56.0
4824,57.0
4825,61.0
4826,64.0
4827,66.0
4828,67.0
4829,68.0
4830,61.0
4831,66.0
4832,75.0
4833,79.0
4834,76.0
4835,82.0
4836,84.0
4837,93.0
4838,87.0
4839,100.0
4840,94.0
4841,85.0
4842,67.0
4843,60.0
4844,54.0
4845,56.0
4846,54.0
4847,52.0
4848,56.0
4849,55.0
4850,51.0
4851,53.0
4852,49.0
4853,50.0
4854,49.0
4855,52.0
4856,58.0
4857,62.0
4858,71.0
4859,75.0
4860,38.92536106296938
4861,38.92536106296938
4862,38.92536106296938
4863,97.0
4864,80.0
4865,79.0
4866,76.0
4867,99.0
4868,119.0
4869,116.0
4870,101.0
4871,98.0
4872,100.0
4873,99.0
4874,79.0
4875,71.0
4876,70.0
4877,81.0
4878,81.0
4879,85.0
4880,85.0
4881,94.0
4882,89.0
4883,86.0
4884,78.0
4885,82.0
4886,75.0
4887,63.0
4888,54.0
4889,61.0
4890,66.0
4891,71.0
4892,58.0
4893,60.0
4894,61.0
4895,63.0
4896,66.0
4897,58.0
4898,58.0
4899,62.0
4900,65.0
4901,66.0
4902,56.0
4903,50.0
4904,50.0
4905,47.0
4906,50.0
4907,46.0
4908,43.0
4909,35.0
4910,28.0
4911,28.0
4912,30.0
4913,29.0
4914,26.0
4915,23.0
4916,23.0
4917,24.0
4918,23.0
4919,22.0
4920,21.0
4921,19.0
4922,18.0
4923,19.0
4924,18.0
4925,18.0
4926,17.0
4927,20.0
4928,17.0
4929,20.0
4930,16.0
4931,19.0
4932,15.0
4933,17.0
4934,24.0
4935,23.0
4936,24.0
4937,27.0
4938,26.0
4939,28.0
4940,31.0
4941,34.0
4942,29.0
4943,26.0
4944,27.0
4945,28.0
4946,28.0
4947,28.0
4948,30.0
4949,29.0
4950,29.0
4951,26.0
4952,23.0
4953,24.0
4954,22.0
4955,21.0
4956,18.0
4957,21.0
4958,18.0
4959,17.0
4960,16.0
4961,18.0
4962,21.0
4963,23.0
4964,24.0
4965,27.0
4966,25.0
4967,29.0
4968,26.0
4969,23.0
4970,20.0
4971,22.0
4972,20.0
4973,18.0
4974,16.0
4975,15.0
4976,14.0
4977,13.0
4978,14.0
4979,25.0
4980,34.0
4981,35.0
4982,37.0
4983,37.0
4984,43.0
4985,39.0
4986,36.0
4987,33.0
4988,35.0
4989,35.0
4990,31.0
4991,36.0
4992,38.0
4993,36.0
4994,34.0
4995,35.0
4996,33.0
4997,30.0
4998,28.0
4999,27.0
5000,27.0
5001,25.0
5002,28.0
5003,29.0
5004,27.0
5005,33.0
5006,31.0
5007,32.0
5008,38.0
5009,41.0
5010,36.0
5011,31.0
5012,26.0
5013,24.0
5014,25.0
5015,24.0
5016,27.0
5017,35.0
5018,24.0
5019,38.0
5020,50.0
5021,59.0
5022,60.0
5023,68.0
5024,76.0
5025,85.0
5026,89.0
5027,92.0
5028,86.0
5029,83.0
5030,77.0
5031,76.0
5032,66.0
5033,70.0
5034,70.0
5035,53.0
5036,46.0
5037,46.0
5038,42.0
5039,43.0
5040,53.0
5041,62.0
5042,67.0
5043,54.0
5044,45.0
5045,46.0
5046,44.0
5047,47.0
5048,49.0
5049,50.0
5050,58.0
5051,70.0
5052,72.0
5053,78.0
5054,79.0
5055,84.0
5056,85.0
5057,79.0
5058,79.0
5059,80.0
5060,84.0
5061,91.0
5062,81.0
5063,75.0
5064,49.0
5065,32.0
5066,25.0
5067,25.0
5068,16.0
5069,8.0
5070,7.0
5071,10.0
5072,11.0
5073,12.0
5074,9.0
5075,11.0
5076,20.0
5077,21.0
5078,22.0
5079,28.0
5080,51.0
5081,66.0
5082,70.0
5083,79.0
5084,82.0
5085,87.0
5086,76.0
5087,39.0
5088,28.0
5089,33.0
5090,29.0
5091,31.0
5092,38.0
5093,47.0
5094,42.0
5095,34.0
5096,26.0
5097,25.0
5098,23.0
5099,27.0
5100,26.0
5101,34.0
5102,33.0
5103,35.0
5104,19.0
5105,16.0
5106,12.0
5107,16.0
5108,15.0
5109,12.0
5110,11.0
5111,9.0
5112,3.0
5113,3.0
5114,3.0
5115,3.0
5116,3.0
5117,3.0
5118,4.0
5119,5.0
5120,3.0
5121,3.0
5122,6.0
5123,12.0
5124,20.0
5125,23.0
5126,21.0
5127,22.0
5128,25.0
5129,26.0
5130,23.0
5131,24.0
5132,24.0
5133,24.0
5134,25.0
5135,26.0
5136,24.0
5137,29.0
5138,32.0
5139,33.0
5140,31.0
5141,34.0
5142,33.0
5143,33.0
5144,33.0
5145,38.0
5146,40.0
5147,42.0
5148,38.92536106296938
5149,38.92536106296938
5150,37.0
5151,36.0
5152,32.0
5153,31.0
5154,31.0
5155,31.0
5156,29.0
5157,34.0
5158,33.0
5159,34.0
5160,31.0
5161,20.0
5162,16.0
5163,17.0
5164,20.0
5165,25.0
5166,23.0
5167,20.0
5168,20.0
5169,24.0
5170,29.0
5171,34.0
5172,28.0
5173,29.0
5174,32.0
5175,38.0
5176,39.0
5177,42.0
5178,40.0
5179,42.0
5180,46.0
5181,43.0
5182,37.0
5183,11.0
5184,5.0
5185,20.0
5186,38.0
5187,20.0
5188,12.0
5189,14.0
5190,11.0
5191,14.0
5192,12.0
5193,17.0
5194,24.0
5195,41.0
5196,51.0
5197,51.0
5198,47.0
5199,53.0
5200,67.0
5201,66.0
5202,62.0
5203,77.0
5204,84.0
5205,81.0
5206,78.0
5207,77.0
5208,76.0
5209,76.0
5210,66.0
5211,65.0
5212,63.0
5213,68.0
5214,65.0
5215,64.0
5216,68.0
5217,76.0
5218,76.0
5219,72.0
5220,65.0
5221,70.0
5222,82.0
5223,95.0
5224,96.0
5225,86.0
5226,67.0
5227,66.0
5228,66.0
5229,60.0
5230,58.0
5231,63.0
5232,68.0
5233,75.0
5234,67.0
5235,62.0
5236,59.0
5237,66.0
5238,65.0
5239,64.0
5240,62.0
5241,66.0
5242,71.0
5243,72.0
5244,140.0
5245,311.0
5246,505.0
5247,626.0
5248,622.0
5249,628.0
5250,663.0
5251,689.0
5252,675.0
5253,631.0
5254,734.0
5255,873.0
5256,919.0
5257,942.0
5258,884.0
5259,745.0
5260,746.0
5261,714.0
5262,687.0
5263,630.0
5264,608.0
5265,590.0
5266,546.0
5267,459.0
5268,364.0
5269,332.0
5270,286.0
5271,252.0
5272,275.0
5273,295.0
5274,298.0
5275,313.0
5276,287.0
5277,298.0
5278,284.0
5279,267.0
5280,204.0
5281,127.0
5282,89.0
5283,69.0
5284,52.0
5285,56.0
5286,60.0
5287,65.0
5288,50.0
5289,44.0
5290,49.0
5291,57.0
5292,52.0
5293,38.0
5294,31.0
5295,36.0
5296,40.0
5297,41.0
5298,35.0
5299,35.0
5300,33.0
5301,33.0
5302,31.0
5303,27.0
5304,26.0
5305,26.0
5306,27.0
5307,27.0
5308,26.0
5309,28.0
5310,28.0
5311,27.0
5312,28.0
5313,30.0
5314,27.0
5315,21.0
5316,18.0
5317,17.0
5318,20.0
5319,18.0
5320,15.0
5321,18.0
5322,17.0
5323,17.0
5324,20.0
5325,18.0
5326,16.0
5327,17.0
5328,16.0
5329,17.0
5330,19.0
5331,18.0
5332,18.0
5333,19.0
5334,19.0
5335,22.0
5336,22.0
5337,28.0
5338,20.0
5339,22.0
5340,27.0
5341,21.0
5342,21.0
5343,20.0
5344,20.0
5345,22.0
5346,21.0
5347,20.0
5348,23.0
5349,23.0
5350,19.0
5351,19.0
5352,17.0
5353,16.0
5354,15.0
5355,16.0
5356,15.0
5357,17.0
5358,14.0
5359,13.0
5360,14.0
5361,20.0
5362,15.0
5363,16.0
5364,16.0
5365,15.0
5366,19.0
5367,20.0
5368,24.0
5369,28.0
5370,29.0
5371,29.0
5372,41.0
5373,41.0
5374,34.0
5375,36.0
5376,35.0
5377,38.0
5378,36.0
5379,36.0
5380,37.0
5381,36.0
5382,33.0
5383,32.0
5384,29.0
5385,32.0
5386,33.0
5387,39.0
5388,37.0
5389,43.0
5390,49.0
5391,49.0
5392,56.0
5393,68.0
5394,63.0
5395,59.0
5396,58.0
5397,58.0
5398,51.0
5399,51.0
5400,56.0
5401,50.0
5402,42.0
5403,43.0
5404,43.0
5405,43.0
5406,40.0
5407,44.0
5408,50.0
5409,62.0
5410,70.0
5411,75.0
5412,59.0
5413,49.0
5414,48.0
5415,41.0
5416,37.0
5417,40.0
5418,43.0
5419,60.0
5420,81.0
5421,77.0
5422,83.0
5423,91.0
5424,89.0
5425,96.0
5426,97.0
5427,102.0
5428,104.0
5429,109.0
5430,108.0
5431,119.0
5432,90.0
5433,53.0
5434,42.0
5435,52.0
5436,34.0
5437,31.0
5438,34.0
5439,29.0
5440,25.0
5441,22.0
5442,15.0
5443,14.0
5444,14.0
5445,15.0
5446,19.0
5447,18.0
5448,16.0
5449,11.0
5450,9.0
5451,10.0
5452,7.0
5453,7.0
5454,5.0
5455,6.0
5456,6.0
5457,7.0
5458,4.0
5459,5.0
5460,7.0
5461,7.0
5462,4.0
5463,3.0
5464,3.0
5465,38.92536106296938
5466,5.0
5467,5.0
5468,6.0
5469,8.0
5470,15.0
5471,18.0
5472,22.0
5473,23.0
5474,29.0
5475,40.0
5476,18.0
5477,16.0
5478,10.0
5479,9.0
5480,8.0
5481,12.0
5482,9.0
5483,11.0
5484,11.0
5485,8.0
5486,8.0
5487,15.0
5488,12.0
5489,12.0
5490,10.0
5491,13.0
5492,13.0
5493,13.0
5494,16.0
5495,15.0
5496,17.0
5497,17.0
5498,15.0
5499,18.0
5500,18.0
5501,17.0
5502,16.0
5503,17.0
5504,19.0
5505,25.0
5506,33.0
5507,32.0
5508,41.0
5509,39.0
5510,45.0
5511,44.0
5512,55.0
5513,49.0
5514,38.0
5515,31.0
5516,31.0
5517,30.0
5518,28.0
5519,37.0
5520,24.0
5521,23.0
5522,21.0
5523,24.0
5524,38.92536106296938
5525,40.0
5526,29.0
5527,28.0
5528,26.0
5529,34.0
5530,38.0
5531,46.0
5532,44.0
5533,43.0
5534,39.0
5535,42.0
5536,43.0
5537,45.0
5538,43.0
5539,31.0
5540,25.0
5541,21.0
5542,26.0
5543,24.0
5544,22.0
5545,21.0
5546,22.0
5547,26.0
5548,25.0
5549,29.0
5550,28.0
5551,28.0
5552,29.0
5553,35.0
5554,34.0
5555,30.0
5556,25.0
5557,21.0
5558,24.0
5559,20.0
5560,19.0
5561,34.0
5562,26.0
5563,17.0
5564,18.0
5565,19.0
5566,16.0
5567,11.0
5568,14.0
5569,13.0
5570,12.0
5571,19.0
5572,8.0
5573,8.0
5574,8.0
5575,8.0
5576,8.0
5577,9.0
5578,7.0
5579,8.0
5580,11.0
5581,12.0
5582,14.0
5583,16.0
5584,16.0
5585,22.0
5586,13.0
5587,13.0
5588,24.0
5589,23.0
5590,18.0
5591,20.0
5592,25.0
5593,21.0
5594,24.0
5595,30.0
5596,32.0
5597,32.0
5598,30.0
5599,28.0
5600,25.0
5601,31.0
5602,27.0
5603,25.0
5604,24.0
5605,27.0
5606,30.0
5607,24.0
5608,22.0
5609,22.0
5610,22.0
5611,25.0
5612,31.0
5613,34.0
5614,31.0
5615,36.0
5616,40.0
5617,50.0
5618,49.0
5619,46.0
5620,44.0
5621,38.0
5622,35.0
5623,41.0
5624,44.0
5625,49.0
5626,40.0
5627,32.0
5628,30.0
5629,31.0
5630,31.0
5631,36.0
5632,44.0
5633,38.0
5634,29.0
5635,24.0
5636,27.0
5637,29.0
5638,31.0
5639,28.0
5640,27.0
5641,25.0
5642,23.0
5643,22.0
5644,24.0
5645,32.0
5646,39.0
5647,45.0
5648,49.0
5649,45.0
5650,33.0
5651,37.0
5652,66.0
5653,105.0
5654,142.0
5655,165.0
5656,154.0
5657,222.0
5658,295.0
5659,305.0
5660,288.0
5661,272.0
5662,251.0
5663,244.0
5664,223.0
5665,219.0
5666,206.0
5667,196.0
5668,193.0
5669,209.0
5670,217.0
5671,142.0
5672,77.0
5673,94.0
5674,79.0
5675,98.0
5676,38.92536106296938
5677,38.92536106296938
5678,62.0
5679,67.0
5680,65.0
5681,46.0
5682,56.0
5683,52.0
5684,47.0
5685,50.0
5686,50.0
5687,53.0
5688,50.0
5689,53.0
5690,54.0
5691,50.0
5692,47.0
5693,44.0
5694,47.0
5695,43.0
5696,42.0
5697,47.0
5698,45.0
5699,44.0
5700,45.0
5701,48.0
5702,52.0
5703,50.0
5704,50.0
5705,52.0
5706,51.0
5707,48.0
5708,43.0
5709,39.0
5710,35.0
5711,39.0
5712,42.0
5713,41.0
5714,44.0
5715,41.0
5716,36.0
5717,39.0
5718,38.0
5719,37.0
5720,40.0
5721,35.0
5722,21.0
5723,16.0
5724,16.0
5725,33.0
5726,52.0
5727,52.0
5728,42.0
5729,42.0
5730,52.0
5731,56.0
5732,61.0
5733,70.0
5734,68.0
5735,67.0
5736,64.0
5737,63.0
5738,74.0
5739,71.0
5740,80.0
5741,79.0
5742,71.0
5743,55.0
5744,38.0
5745,24.0
5746,15.0
5747,16.0
5748,14.0
5749,12.0
5750,14.0
5751,18.0
5752,27.0
5753,37.0
5754,43.0
5755,49.0
5756,50.0
5757,46.0
5758,33.0
5759,31.0
5760,27.0
5761,20.0
5762,14.0
5763,13.0
5764,9.0
5765,14.0
5766,21.0
5767,25.0
5768,28.0
5769,32.0
5770,30.0
5771,31.0
5772,31.0
5773,24.0
5774,21.0
5775,23.0
5776,21.0
5777,19.0
5778,19.0
5779,17.0
5780,19.0
5781,21.0
5782,18.0
5783,19.0
5784,20.0
5785,20.0
5786,18.0
5787,18.0
5788,14.0
5789,15.0
5790,14.0
5791,9.0
5792,10.0
5793,12.0
5794,14.0
5795,19.0
5796,23.0
5797,21.0
5798,24.0
5799,27.0
5800,30.0
5801,37.0
5802,42.0
5803,51.0
5804,54.0
5805,44.0
5806,36.0
5807,42.0
5808,37.0
5809,28.0
5810,23.0
5811,20.0
5812,17.0
5813,19.0
5814,20.0
5815,20.0
5816,20.0
5817,23.0
5818,34.0
5819,35.0
5820,36.0
5821,42.0
5822,41.0
5823,41.0
5824,40.0
5825,45.0
5826,41.0
5827,46.0
5828,51.0
5829,48.0
5830,46.0
5831,48.0
5832,47.0
5833,46.0
5834,44.0
5835,41.0
5836,39.0
5837,37.0
5838,43.0
5839,38.0
5840,23.0
5841,24.0
5842,18.0
5843,29.0
5844,35.0
5845,40.0
5846,47.0
5847,49.0
5848,41.0
5849,45.0
5850,38.0
5851,42.0
5852,42.0
5853,45.0
5854,46.0
5855,53.0
5856,54.0
5857,53.0
5858,50.0
5859,54.0
5860,54.0
5861,54.0
5862,51.0
5863,49.0
5864,44.0
5865,47.0
5866,48.0
5867,50.0
5868,47.0
5869,51.0
5870,50.0
5871,53.0
5872,58.0
5873,63.0
5874,62.0
5875,68.0
5876,59.0
5877,51.0
5878,42.0
5879,42.0
5880,43.0
5881,43.0
5882,44.0
5883,37.0
5884,34.0
5885,37.0
5886,37.0
5887,38.0
5888,36.0
5889,41.0
5890,37.0
5891,31.0
5892,38.92536106296938
5893,38.92536106296938
5894,38.92536106296938
5895,42.0
5896,29.0
5897,28.0
5898,20.0
5899,30.0
5900,31.0
5901,24.0
5902,14.0
5903,14.0
5904,16.0
5905,18.0
5906,17.0
5907,19.0
5908,19.0
5909,19.0
5910,17.0
5911,17.0
5912,19.0
5913,21.0
5914,22.0
5915,23.0
5916,31.0
5917,40.0
5918,52.0
5919,41.0
5920,34.0
5921,28.0
5922,30.0
5923,38.0
5924,43.0
5925,41.0
5926,35.0
5927,36.0
5928,36.0
5929,32.0
5930,31.0
5931,29.0
5932,26.0
5933,28.0
5934,29.0
5935,31.0
5936,33.0
5937,44.0
5938,51.0
5939,60.0
5940,61.0
5941,66.0
5942,68.0
5943,69.0
5944,48.0
5945,47.0
5946,43.0
5947,48.0
5948,40.0
5949,48.0
5950,58.0
5951,76.0
5952,67.0
5953,75.0
5954,78.0
5955,90.0
5956,82.0
5957,79.0
5958,71.0
5959,70.0
5960,68.0
5961,76.0
5962,69.0
5963,64.0
5964,55.0
5965,55.0
5966,50.0
5967,48.0
5968,42.0
5969,38.92536106296938
5970,42.0
5971,46.0
5972,48.0
5973,53.0
5974,48.0
5975,45.0
5976,39.0
5977,39.0
5978,37.0
5979,37.0
5980,31.0
5981,31.0
5982,26.0
5983,29.0
5984,29.0
5985,34.0
5986,35.0
5987,37.0
5988,36.0
5989,38.0
5990,39.0
5991,39.0
5992,38.0
5993,39.0
5994,43.0
5995,52.0
5996,48.0
5997,46.0
5998,46.0
5999,48.0
6000,44.0
6001,46.0
6002,46.0
6003,44.0
6004,44.0
6005,46.0
6006,37.0
6007,34.0
6008,35.0
6009,36.0
6010,36.0
6011,34.0
6012,31.0
6013,31.0
6014,28.0
6015,36.0
6016,41.0
6017,44.0
6018,55.0
6019,46.0
6020,50.0
6021,58.0
6022,54.0
6023,51.0
6024,41.0
6025,38.0
6026,39.0
6027,36.0
6028,35.0
6029,31.0
6030,27.0
6031,28.0
6032,25.0
6033,25.0
6034,27.0
6035,35.0
6036,38.0
6037,48.0
6038,38.0
6039,43.0
6040,49.0
6041,55.0
6042,50.0
6043,54.0
6044,56.0
6045,54.0
6046,53.0
6047,51.0
6048,53.0
6049,55.0
6050,49.0
6051,52.0
6052,48.0
6053,51.0
6054,55.0
6055,52.0
6056,44.0
6057,47.0
6058,50.0
6059,52.0
6060,54.0
6061,55.0
6062,47.0
6063,49.0
6064,48.0
6065,54.0
6066,59.0
6067,74.0
6068,70.0
6069,69.0
6070,56.0
6071,36.0
6072,39.0
6073,32.0
6074,27.0
6075,28.0
6076,23.0
6077,16.0
6078,13.0
6079,18.0
6080,13.0
6081,14.0
6082,15.0
6083,18.0
6084,18.0
6085,21.0
6086,23.0
6087,23.0
6088,19.0
6089,20.0
6090,21.0
6091,21.0
6092,23.0
6093,24.0
6094,27.0
6095,29.0
6096,22.0
6097,18.0
6098,19.0
6099,20.0
6100,20.0
6101,17.0
6102,19.0
6103,18.0
6104,18.0
6105,22.0
6106,19.0
6107,20.0
6108,17.0
6109,17.0
6110,20.0
6111,20.0
6112,28.0
6113,30.0
6114,23.0
6115,17.0
6116,20.0
6117,24.0
6118,24.0
6119,24.0
6120,24.0
6121,24.0
6122,25.0
6123,31.0
6124,26.0
6125,25.0
6126,23.0
6127,24.0
6128,22.0
6129,27.0
6130,33.0
6131,42.0
6132,41.0
6133,40.0
6134,42.0
6135,48.0
6136,46.0
6137,43.0
6138,33.0
6139,33.0
6140,27.0
6141,27.0
6142,24.0
6143,25.0
6144,26.0
6145,27.0
6146,26.0
6147,28.0
6148,25.0
6149,28.0
6150,29.0
6151,34.0
6152,29.0
6153,30.0
6154,32.0
6155,36.0
6156,38.92536106296938
6157,38.92536106296938
6158,27.0
6159,36.0
6160,47.0
6161,70.0
6162,68.0
6163,62.0
6164,53.0
6165,48.0
6166,52.0
6167,52.0
6168,40.0
6169,36.0
6170,33.0
6171,33.0
6172,32.0
6173,47.0
6174,53.0
6175,50.0
6176,35.0
6177,28.0
6178,28.0
6179,27.0
6180,16.0
6181,14.0
6182,13.0
6183,17.0
6184,15.0
6185,14.0
6186,14.0
6187,13.0
6188,13.0
6189,12.0
6190,12.0
6191,11.0
6192,10.0
6193,11.0
6194,10.0
6195,10.0
6196,7.0
6197,8.0
6198,7.0
6199,7.0
6200,6.0
6201,9.0
6202,11.0
6203,10.0
6204,6.0
6205,5.0
6206,9.0
6207,9.0
6208,8.0
6209,10.0
6210,11.0
6211,10.0
6212,14.0
6213,16.0
6214,12.0
6215,11.0
6216,12.0
6217,11.0
6218,9.0
6219,9.0
6220,8.0
6221,9.0
6222,9.0
6223,10.0
6224,10.0
6225,12.0
6226,13.0
6227,16.0
6228,15.0
6229,15.0
6230,17.0
6231,20.0
6232,17.0
6233,20.0
6234,21.0
6235,21.0
6236,19.0
6237,23.0
6238,24.0
6239,27.0
6240,30.0
6241,32.0
6242,28.0
6243,32.0
6244,28.0
6245,22.0
6246,10.0
6247,4.0
6248,5.0
6249,38.92536106296938
6250,9.0
6251,10.0
6252,7.0
6253,6.0
6254,14.0
6255,16.0
6256,14.0
6257,15.0
6258,12.0
6259,13.0
6260,13.0
6261,13.0
6262,16.0
6263,23.0
6264,34.0
6265,39.0
6266,36.0
6267,40.0
6268,37.0
6269,43.0
6270,38.0
6271,37.0
6272,37.0
6273,45.0
6274,31.0
6275,29.0
6276,34.0
6277,34.0
6278,37.0
6279,44.0
6280,51.0
6281,54.0
6282,42.0
6283,44.0
6284,39.0
6285,33.0
6286,36.0
6287,37.0
6288,34.0
6289,39.0
6290,41.0
6291,47.0
6292,41.0
6293,35.0
6294,37.0
6295,35.0
6296,33.0
6297,35.0
6298,35.0
6299,36.0
6300,40.0
6301,46.0
6302,44.0
6303,52.0
6304,51.0
6305,51.0
6306,50.0
6307,56.0
6308,64.0
6309,71.0
6310,74.0
6311,77.0
6312,72.0
6313,77.0
6314,79.0
6315,70.0
6316,50.0
6317,50.0
6318,46.0
6319,44.0
6320,38.0
6321,37.0
6322,35.0
6323,34.0
6324,36.0
6325,33.0
6326,38.0
6327,37.0
6328,27.0
6329,26.0
6330,27.0
6331,27.0
6332,27.0
6333,25.0
6334,21.0
6335,23.0
6336,24.0
6337,26.0
6338,14.0
6339,10.0
6340,10.0
6341,13.0
6342,12.0
6343,9.0
6344,9.0
6345,13.0
6346,18.0
6347,21.0
6348,21.0
6349,23.0
6350,23.0
6351,31.0
6352,17.0
6353,27.0
6354,37.0
6355,39.0
6356,35.0
6357,20.0
6358,16.0
6359,14.0
6360,15.0
6361,12.0
6362,12.0
6363,10.0
6364,9.0
6365,10.0
6366,9.0
6367,7.0
6368,8.0
6369,10.0
6370,9.0
6371,13.0
6372,19.0
6373,21.0
6374,20.0
6375,27.0
6376,30.0
6377,33.0
6378,19.0
6379,25.0
6380,27.0
6381,17.0
6382,18.0
6383,19.0
6384,19.0
6385,18.0
6386,17.0
6387,17.0
6388,17.0
6389,19.0
6390,17.0
6391,17.0
6392,16.0
6393,19.0
6394,22.0
6395,26.0
6396,25.0
6397,27.0
6398,26.0
6399,27.0
6400,27.0
6401,39.0
6402,49.0
6403,49.0
6404,46.0
6405,41.0
6406,39.0
6407,35.0
6408,31.0
6409,34.0
6410,33.0
6411,35.0
6412,38.0
6413,42.0
6414,47.0
6415,46.0
6416,38.0
6417,38.0
6418,41.0
6419,37.0
6420,35.0
6421,34.0
6422,31.0
6423,40.0
6424,39.0
6425,40.0
6426,37.0
6427,34.0
6428,26.0
6429,24.0
6430,25.0
6431,24.0
6432,21.0
6433,21.0
6434,22.0
6435,24.0
6436,26.0
6437,26.0
6438,17.0
6439,13.0
6440,16.0
6441,20.0
6442,18.0
6443,20.0
6444,18.0
6445,16.0
6446,14.0
6447,16.0
6448,20.0
6449,18.0
6450,19.0
6451,21.0
6452,24.0
6453,23.0
6454,17.0
6455,16.0
6456,15.0
6457,16.0
6458,15.0
6459,16.0
6460,15.0
6461,17.0
6462,17.0
6463,15.0
6464,13.0
6465,13.0
6466,16.0
6467,19.0
6468,20.0
6469,20.0
6470,19.0
6471,16.0
6472,17.0
6473,20.0
6474,20.0
6475,23.0
6476,26.0
6477,17.0
6478,16.0
6479,21.0
6480,23.0
6481,23.0
6482,20.0
6483,18.0
6484,18.0
6485,22.0
6486,18.0
6487,20.0
6488,17.0
6489,19.0
6490,19.0
6491,21.0
6492,22.0
6493,25.0
6494,32.0
6495,40.0
6496,24.0
6497,19.0
6498,20.0
6499,21.0
6500,24.0
6501,20.0
6502,17.0
6503,19.0
6504,20.0
6505,22.0
6506,21.0
6507,20.0
6508,19.0
6509,19.0
6510,20.0
6511,21.0
6512,20.0
6513,22.0
6514,23.0
6515,26.0
6516,25.0
6517,34.0
6518,29.0
6519,27.0
6520,25.0
6521,33.0
6522,41.0
6523,28.0
6524,36.0
6525,40.0
6526,33.0
6527,34.0
6528,32.0
6529,35.0
6530,32.0
6531,32.0
6532,36.0
6533,42.0
6534,42.0
6535,41.0
6536,40.0
6537,41.0
6538,44.0
6539,42.0
6540,38.0
6541,28.0
6542,14.0
6543,21.0
6544,25.0
6545,32.0
6546,32.0
6547,34.0
6548,31.0
6549,31.0
6550,34.0
6551,36.0
6552,34.0
6553,35.0
6554,34.0
6555,36.0
6556,31.0
6557,30.0
6558,31.0
6559,30.0
6560,28.0
6561,25.0
6562,26.0
6563,28.0
6564,30.0
6565,33.0
6566,28.0
6567,29.0
6568,29.0
6569,39.0
6570,40.0
6571,38.0
6572,39.0
6573,36.0
6574,28.0
6575,28.0
6576,27.0
6577,28.0
6578,27.0
6579,29.0
6580,28.0
6581,26.0
6582,24.0
6583,23.0
6584,20.0
6585,22.0
6586,23.0
6587,23.0
6588,26.0
6589,23.0
6590,20.0
6591,22.0
6592,20.0
6593,19.0
6594,21.0
6595,22.0
6596,19.0
6597,18.0
6598,17.0
6599,18.0
6600,14.0
6601,13.0
6602,13.0
6603,14.0
6604,12.0
6605,13.0
6606,11.0
6607,12.0
6608,11.0
6609,11.0
6610,12.0
6611,16.0
6612,14.0
6613,13.0
6614,12.0
6615,12.0
6616,14.0
6617,14.0
6618,12.0
6619,8.0
6620,6.0
6621,6.0
6622,4.0
6623,3.0
6624,3.0
6625,3.0
6626,3.0
6627,3.0
6628,3.0
6629,3.0
6630,3.0
6631,3.0
6632,3.0
6633,3.0
6634,4.0
6635,5.0
6636,5.0
6637,4.0
6638,8.0
6639,8.0
6640,8.0
6641,10.0
6642,10.0
6643,12.0
6644,17.0
6645,13.0
6646,10.0
6647,18.0
6648,16.0
6649,9.0
6650,8.0
6651,9.0
6652,7.0
6653,7.0
6654,9.0
6655,8.0
6656,9.0
6657,12.0
6658,11.0
6659,15.0
6660,15.0
6661,20.0
6662,21.0
6663,28.0
6664,28.0
6665,33.0
6666,31.0
6667,35.0
6668,31.0
6669,30.0
6670,32.0
6671,36.0
6672,30.0
6673,32.0
6674,35.0
6675,36.0
6676,34.0
6677,36.0
6678,35.0
6679,31.0
6680,28.0
6681,30.0
6682,27.0
6683,29.0
6684,32.0
6685,38.0
6686,33.0
6687,37.0
6688,49.0
6689,63.0
6690,60.0
6691,55.0
6692,49.0
6693,45.0
6694,38.0
6695,36.0
6696,36.0
6697,40.0
6698,43.0
6699,43.0
6700,52.0
6701,67.0
6702,48.0
6703,71.0
6704,48.0
6705,17.0
6706,11.0
6707,9.0
6708,13.0
6709,16.0
6710,16.0
6711,21.0
6712,18.0
6713,20.0
6714,18.0
6715,18.0
6716,20.0
6717,37.0
6718,34.0
6719,25.0
6720,38.0
6721,39.0
6722,19.0
6723,17.0
6724,20.0
6725,24.0
6726,27.0
6727,27.0
6728,25.0
6729,21.0
6730,22.0
6731,29.0
6732,26.0
6733,22.0
6734,23.0
6735,27.0
6736,25.0
6737,30.0
6738,28.0
6739,22.0
6740,19.0
6741,14.0
6742,9.0
6743,9.0
6744,8.0
6745,8.0
6746,9.0
6747,9.0
6748,12.0
6749,14.0
6750,11.0
6751,13.0
6752,14.0
6753,18.0
6754,17.0
6755,18.0
6756,18.0
6757,25.0
6758,22.0
6759,20.0
6760,19.0
6761,24.0
6762,22.0
6763,19.0
6764,16.0
6765,13.0
6766,12.0
6767,11.0
6768,11.0
6769,12.0
6770,12.0
6771,13.0
6772,13.0
6773,17.0
6774,17.0
6775,16.0
6776,12.0
6777,20.0
6778,22.0
6779,31.0
6780,31.0
6781,27.0
6782,28.0
6783,30.0
6784,32.0
6785,31.0
6786,26.0
6787,31.0
6788,26.0
6789,31.0
6790,29.0
6791,32.0
6792,33.0
6793,37.0
6794,27.0
6795,23.0
6796,24.0
6797,24.0
6798,23.0
6799,36.0
6800,27.0
6801,27.0
6802,29.0
6803,30.0
6804,27.0
6805,25.0
6806,34.0
6807,32.0
6808,31.0
6809,36.0
6810,40.0
6811,34.0
6812,31.0
6813,36.0
6814,38.0
6815,25.0
6816,21.0
6817,20.0
6818,17.0
6819,17.0
6820,18.0
6821,18.0
6822,15.0
6823,18.0
6824,20.0
6825,25.0
6826,28.0
6827,30.0
6828,33.0
6829,35.0
6830,35.0
6831,35.0
6832,33.0
6833,34.0
6834,33.0
6835,32.0
6836,29.0
6837,29.0
6838,30.0
6839,29.0
6840,32.0
6841,32.0
6842,32.0
6843,43.0
6844,45.0
6845,46.0
6846,38.0
6847,30.0
6848,33.0
6849,33.0
6850,30.0
6851,24.0
6852,38.92536106296938
6853,38.92536106296938
6854,38.92536106296938
6855,30.0
6856,33.0
6857,38.0
6858,36.0
6859,35.0
6860,27.0
6861,25.0
6862,31.0
6863,38.0
6864,34.0
6865,39.0
6866,35.0
6867,38.0
6868,39.0
6869,40.0
6870,37.0
6871,24.0
6872,19.0
6873,17.0
6874,14.0
6875,15.0
6876,15.0
6877,19.0
6878,16.0
6879,20.0
6880,18.0
6881,18.0
6882,21.0
6883,23.0
6884,22.0
6885,22.0
6886,19.0
6887,16.0
6888,17.0
6889,16.0
6890,14.0
6891,17.0
6892,15.0
6893,16.0
6894,30.0
6895,16.0
6896,14.0
6897,16.0
6898,16.0
6899,17.0
6900,14.0
6901,24.0
6902,20.0
6903,24.0
6904,31.0
6905,31.0
6906,26.0
6907,25.0
6908,19.0
6909,16.0
6910,17.0
6911,17.0
6912,15.0
6913,15.0
6914,14.0
6915,18.0
6916,17.0
6917,17.0
6918,17.0
6919,17.0
6920,17.0
6921,17.0
6922,17.0
6923,18.0
6924,15.0
6925,10.0
6926,15.0
6927,20.0
6928,16.0
6929,17.0
6930,21.0
6931,36.0
6932,29.0
6933,9.0
6934,7.0
6935,12.0
6936,17.0
6937,16.0
6938,16.0
6939,16.0
6940,15.0
6941,16.0
6942,15.0
6943,16.0
6944,12.0
6945,14.0
6946,15.0
6947,15.0
6948,11.0
6949,10.0
6950,8.0
6951,9.0
6952,14.0
6953,14.0
6954,10.0
6955,12.0
6956,9.0
6957,7.0
6958,7.0
6959,8.0
6960,9.0
6961,10.0
6962,9.0
6963,10.0
6964,10.0
6965,10.0
6966,10.0
6967,12.0
6968,7.0
6969,8.0
6970,9.0
6971,13.0
6972,9.0
6973,11.0
6974,9.0
6975,10.0
6976,10.0
6977,14.0
6978,12.0
6979,14.0
6980,13.0
6981,16.0
6982,20.0
6983,18.0
6984,9.0
6985,7.0
6986,9.0
6987,11.0
6988,8.0
6989,10.0
6990,9.0
6991,10.0
6992,7.0
6993,12.0
6994,14.0
6995,19.0
6996,15.0
6997,17.0
6998,18.0
6999,21.0
7000,9.0
7001,7.0
7002,13.0
7003,14.0
7004,14.0
7005,19.0
7006,16.0
7007,15.0
7008,13.0
7009,13.0
7010,15.0
7011,16.0
7012,16.0
7013,14.0
7014,13.0
7015,13.0
7016,14.0
7017,11.0
7018,13.0
7019,17.0
7020,20.0
7021,15.0
7022,19.0
7023,22.0
7024,23.0
7025,22.0
7026,22.0
7027,17.0
7028,20.0
7029,21.0
7030,27.0
7031,30.0
7032,27.0
7033,25.0
7034,20.0
7035,24.0
7036,21.0
7037,24.0
7038,21.0
7039,19.0
7040,15.0
7041,17.0
7042,20.0
7043,23.0
7044,22.0
7045,17.0
7046,14.0
7047,14.0
7048,14.0
7049,16.0
7050,14.0
7051,15.0
7052,18.0
7053,18.0
7054,16.0
7055,20.0
7056,23.0
7057,24.0
7058,17.0
7059,17.0
7060,16.0
7061,18.0
7062,15.0
7063,16.0
7064,16.0
7065,19.0
7066,18.0
7067,19.0
7068,19.0
7069,16.0
7070,23.0
7071,15.0
7072,17.0
7073,16.0
7074,19.0
7075,28.0
7076,30.0
7077,33.0
7078,30.0
7079,32.0
7080,30.0
7081,25.0
7082,25.0
7083,21.0
7084,19.0
7085,20.0
7086,20.0
7087,22.0
7088,20.0
7089,24.0
7090,24.0
7091,24.0
7092,29.0
7093,32.0
7094,25.0
7095,28.0
7096,24.0
7097,30.0
7098,25.0
7099,28.0
7100,21.0
7101,28.0
7102,38.0
7103,38.0
7104,36.0
7105,32.0
7106,30.0
7107,24.0
7108,21.0
7109,23.0
7110,22.0
7111,21.0
7112,22.0
7113,24.0
7114,23.0
7115,24.0
7116,24.0
7117,24.0
7118,20.0
7119,23.0
7120,22.0
7121,24.0
7122,17.0
7123,17.0
7124,21.0
7125,21.0
7126,27.0
7127,21.0
7128,19.0
7129,21.0
7130,21.0
7131,21.0
7132,19.0
7133,19.0
7134,20.0
7135,20.0
7136,16.0
7137,16.0
7138,13.0
7139,12.0
7140,17.0
7141,16.0
7142,16.0
7143,18.0
7144,18.0
7145,20.0
7146,20.0
7147,19.0
7148,21.0
7149,21.0
7150,24.0
7151,24.0
7152,21.0
7153,38.92536106296938
7154,19.0
7155,19.0
7156,18.0
7157,18.0
7158,18.0
7159,19.0
7160,16.0
7161,19.0
7162,16.0
7163,14.0
7164,17.0
7165,17.0
7166,17.0
7167,20.0
7168,19.0
7169,22.0
7170,19.0
7171,21.0
7172,21.0
7173,24.0
7174,18.0
7175,19.0
7176,19.0
7177,20.0
7178,19.0
7179,20.0
7180,19.0
7181,21.0
7182,21.0
7183,21.0
7184,20.0
7185,21.0
7186,19.0
7187,21.0
7188,22.0
7189,22.0
7190,20.0
7191,21.0
7192,21.0
7193,22.0
7194,40.0
7195,40.0
7196,29.0
7197,29.0
7198,29.0
7199,23.0
7200,25.0
7201,27.0
7202,27.0
7203,25.0
7204,18.0
7205,18.0
7206,16.0
7207,14.0
7208,15.0
7209,16.0
7210,20.0
7211,24.0
7212,24.0
7213,29.0
7214,28.0
7215,32.0
7216,32.0
7217,43.0
7218,45.0
7219,36.0
7220,36.0
7221,46.0
7222,47.0
7223,47.0
7224,41.0
7225,39.0
7226,39.0
7227,37.0
7228,41.0
7229,53.0
7230,50.0
7231,49.0
7232,41.0
7233,37.0
7234,38.0
7235,41.0
7236,56.0
7237,57.0
7238,52.0
7239,59.0
7240,51.0
7241,44.0
7242,39.0
7243,35.0
7244,32.0
7245,28.0
7246,23.0
7247,23.0
7248,21.0
7249,20.0
7250,21.0
7251,23.0
7252,21.0
7253,20.0
7254,20.0
7255,21.0
7256,25.0
7257,32.0
7258,28.0
7259,29.0
7260,29.0
7261,38.92536106296938
7262,38.92536106296938
7263,25.0
7264,33.0
7265,30.0
7266,30.0
7267,27.0
7268,25.0
7269,24.0
7270,22.0
7271,21.0
7272,19.0
7273,21.0
7274,16.0
7275,14.0
7276,14.0
7277,17.0
7278,16.0
7279,18.0
7280,17.0
7281,17.0
7282,18.0
7283,25.0
7284,23.0
7285,25.0
7286,28.0
7287,31.0
7288,30.0
7289,28.0
7290,29.0
7291,30.0
7292,22.0
7293,16.0
7294,15.0
7295,17.0
7296,20.0
7297,24.0
7298,22.0
7299,23.0
7300,23.0
7301,24.0
7302,21.0
7303,20.0
7304,20.0
7305,24.0
7306,26.0
7307,29.0
7308,26.0
7309,27.0
7310,31.0
7311,30.0
7312,28.0
7313,32.0
7314,30.0
7315,31.0
7316,30.0
7317,24.0
7318,22.0
7319,19.0
7320,15.0
7321,13.0
7322,11.0
7323,12.0
7324,10.0
7325,11.0
7326,10.0
7327,12.0
7328,13.0
7329,13.0
7330,13.0
7331,15.0
7332,9.0
7333,9.0
7334,10.0
7335,8.0
7336,11.0
7337,14.0
7338,14.0
7339,16.0
7340,15.0
7341,20.0
7342,18.0
7343,16.0
7344,15.0
7345,18.0
7346,20.0
7347,19.0
7348,17.0
7349,19.0
7350,18.0
7351,18.0
7352,15.0
7353,15.0
7354,16.0
7355,19.0
7356,16.0
7357,16.0
7358,20.0
7359,21.0
7360,21.0
7361,19.0
7362,14.0
7363,21.0
7364,17.0
7365,16.0
7366,16.0
7367,15.0
7368,13.0
7369,11.0
7370,12.0
7371,19.0
7372,22.0
7373,24.0
7374,22.0
7375,24.0
7376,22.0
7377,15.0
7378,18.0
7379,24.0
7380,20.0
7381,19.0
7382,22.0
7383,28.0
7384,26.0
7385,27.0
7386,25.0
7387,23.0
7388,22.0
7389,25.0
7390,24.0
7391,21.0
7392,20.0
7393,20.0
7394,19.0
7395,20.0
7396,19.0
7397,19.0
7398,22.0
7399,22.0
7400,21.0
7401,22.0
7402,18.0
7403,23.0
7404,19.0
7405,20.0
7406,22.0
7407,27.0
7408,28.0
7409,30.0
7410,30.0
7411,27.0
7412,22.0
7413,19.0
7414,16.0
7415,18.0
7416,16.0
7417,17.0
7418,19.0
7419,20.0
7420,19.0
7421,20.0
7422,18.0
7423,19.0
7424,17.0
7425,20.0
7426,20.0
7427,20.0
7428,17.0
7429,19.0
7430,23.0
7431,24.0
7432,9.0
7433,7.0
7434,7.0
7435,14.0
7436,11.0
7437,11.0
7438,12.0
7439,11.0
7440,10.0
7441,11.0
7442,11.0
7443,13.0
7444,11.0
7445,12.0
7446,13.0
7447,16.0
7448,13.0
7449,14.0
7450,15.0
7451,17.0
7452,14.0
7453,15.0
7454,14.0
7455,13.0
7456,13.0
7457,11.0
7458,12.0
7459,12.0
7460,14.0
7461,15.0
7462,15.0
7463,11.0
7464,17.0
7465,19.0
7466,19.0
7467,21.0
7468,19.0
7469,24.0
7470,23.0
7471,22.0
7472,20.0
7473,16.0
7474,15.0
7475,14.0
7476,20.0
7477,18.0
7478,18.0
7479,19.0
7480,19.0
7481,18.0
7482,10.0
7483,10.0
7484,11.0
7485,11.0
7486,11.0
7487,11.0
7488,9.0
7489,7.0
7490,9.0
7491,8.0
7492,7.0
7493,8.0
7494,7.0
7495,6.0
7496,7.0
7497,6.0
7498,7.0
7499,13.0
7500,14.0
7501,13.0
7502,14.0
7503,14.0
7504,14.0
7505,17.0
7506,16.0
7507,15.0
7508,11.0
7509,8.0
7510,6.0
7511,7.0
7512,6.0
7513,7.0
7514,7.0
7515,9.0
7516,9.0
7517,11.0
7518,9.0
7519,9.0
7520,11.0
7521,13.0
7522,13.0
7523,16.0
7524,21.0
7525,28.0
7526,32.0
7527,23.0
7528,14.0
7529,20.0
7530,20.0
7531,24.0
7532,26.0
7533,21.0
7534,19.0
7535,20.0
7536,21.0
7537,21.0
7538,19.0
7539,22.0
7540,20.0
7541,23.0
7542,20.0
7543,21.0
7544,20.0
7545,20.0
7546,24.0
7547,30.0
7548,29.0
7549,37.0
7550,35.0
7551,40.0
7552,42.0
7553,41.0
7554,41.0
7555,44.0
7556,42.0
7557,37.0
7558,33.0
7559,36.0
7560,36.0
7561,33.0
7562,34.0
7563,36.0
7564,33.0
7565,35.0
7566,36.0
7567,31.0
7568,26.0
7569,26.0
7570,25.0
7571,27.0
7572,25.0
7573,30.0
7574,31.0
7575,32.0
7576,32.0
7577,33.0
7578,35.0
7579,36.0
7580,33.0
7581,34.0
7582,34.0
7583,37.0
7584,38.0
7585,37.0
7586,36.0
7587,33.0
7588,30.0
7589,28.0
7590,24.0
7591,26.0
7592,21.0
7593,21.0
7594,24.0
7595,28.0
7596,27.0
7597,26.0
7598,22.0
7599,22.0
7600,22.0
7601,20.0
7602,19.0
7603,19.0
7604,21.0
7605,21.0
7606,18.0
7607,19.0
7608,17.0
7609,16.0
7610,19.0
7611,17.0
7612,15.0
7613,16.0
7614,13.0
7615,13.0
7616,13.0
7617,12.0
7618,14.0
7619,17.0
7620,13.0
7621,16.0
7622,11.0
7623,11.0
7624,8.0
7625,8.0
7626,7.0
7627,7.0
7628,8.0
7629,10.0
7630,12.0
7631,12.0
7632,12.0
7633,14.0
7634,11.0
7635,10.0
7636,11.0
7637,10.0
7638,9.0
7639,9.0
7640,8.0
7641,7.0
7642,6.0
7643,4.0
7644,8.0
7645,6.0
7646,6.0
7647,9.0
7648,8.0
7649,11.0
7650,12.0
7651,15.0
7652,14.0
7653,11.0
7654,16.0
7655,15.0
7656,16.0
7657,15.0
7658,15.0
7659,15.0
7660,15.0
7661,14.0
7662,14.0
7663,15.0
7664,13.0
7665,16.0
7666,16.0
7667,16.0
7668,17.0
7669,19.0
7670,17.0
7671,18.0
7672,18.0
7673,18.0
7674,21.0
7675,21.0
7676,24.0
7677,26.0
7678,21.0
7679,20.0
7680,21.0
7681,20.0
7682,19.0
7683,15.0
7684,16.0
7685,14.0
7686,14.0
7687,15.0
7688,14.0
7689,16.0
7690,15.0
7691,16.0
7692,15.0
7693,13.0
7694,11.0
7695,38.92536106296938
7696,38.92536106296938
7697,38.92536106296938
7698,13.0
7699,12.0
7700,22.0
7701,19.0
7702,6.0
7703,5.0
7704,5.0
7705,7.0
7706,8.0
7707,10.0
7708,11.0
7709,11.0
7710,12.0
7711,14.0
7712,13.0
7713,13.0
7714,10.0
7715,10.0
7716,8.0
7717,9.0
7718,9.0
7719,8.0
7720,9.0
7721,7.0
7722,9.0
7723,10.0
7724,10.0
7725,10.0
7726,10.0
7727,9.0
7728,11.0
7729,13.0
7730,11.0
7731,10.0
7732,11.0
7733,12.0
7734,13.0
7735,16.0
7736,15.0
7737,17.0
7738,14.0
7739,16.0
7740,16.0
7741,14.0
7742,12.0
7743,11.0
7744,12.0
7745,13.0
7746,14.0
7747,13.0
7748,16.0
7749,16.0
7750,15.0
7751,12.0
7752,15.0
7753,15.0
7754,14.0
7755,13.0
7756,13.0
7757,15.0
7758,13.0
7759,13.0
7760,13.0
7761,12.0
7762,12.0
7763,14.0
7764,15.0
7765,18.0
7766,18.0
7767,21.0
7768,18.0
7769,18.0
7770,22.0
7771,20.0
7772,19.0
7773,21.0
7774,22.0
7775,21.0
7776,26.0
7777,17.0
7778,17.0
7779,18.0
7780,18.0
7781,20.0
7782,17.0
7783,17.0
7784,16.0
7785,17.0
7786,18.0
7787,16.0
7788,11.0
7789,9.0
7790,7.0
7791,3.0
7792,6.0
7793,10.0
7794,17.0
7795,16.0
7796,10.0
7797,12.0
7798,8.0
7799,7.0
7800,13.0
7801,12.0
7802,13.0
7803,11.0
7804,10.0
7805,9.0
7806,10.0
7807,11.0
7808,12.0
7809,18.0
7810,23.0
7811,31.0
7812,28.0
7813,22.0
7814,23.0
7815,26.0
7816,27.0
7817,27.0
7818,26.0
7819,31.0
7820,30.0
7821,31.0
7822,31.0
7823,34.0
7824,34.0
7825,36.0
7826,33.0
7827,36.0
7828,34.0
7829,36.0
7830,32.0
7831,32.0
7832,30.0
7833,30.0
7834,30.0
7835,29.0
7836,28.0
7837,29.0
7838,25.0
7839,26.0
7840,22.0
7841,22.0
7842,19.0
7843,14.0
7844,11.0
7845,12.0
7846,9.0
7847,6.0
7848,6.0
7849,10.0
7850,6.0
7851,12.0
7852,10.0
7853,13.0
7854,9.0
7855,9.0
7856,9.0
7857,7.0
7858,8.0
7859,8.0
7860,7.0
7861,14.0
7862,14.0
7863,16.0
7864,17.0
7865,24.0
7866,19.0
7867,20.0
7868,12.0
7869,12.0
7870,10.0
7871,11.0
7872,12.0
7873,19.0
7874,17.0
7875,17.0
7876,17.0
7877,18.0
7878,18.0
7879,20.0
7880,20.0
7881,23.0
7882,19.0
7883,17.0
7884,14.0
7885,17.0
7886,15.0
7887,13.0
7888,16.0
7889,14.0
7890,12.0
7891,12.0
7892,16.0
7893,14.0
7894,13.0
7895,12.0
7896,14.0
7897,15.0
7898,16.0
7899,18.0
7900,20.0
7901,21.0
7902,20.0
7903,21.0
7904,20.0
7905,24.0
7906,30.0
7907,34.0
7908,39.0
7909,39.0
7910,41.0
7911,46.0
7912,49.0
7913,55.0
7914,58.0
7915,66.0
7916,66.0
7917,69.0
7918,60.0
7919,60.0
7920,57.0
7921,58.0
7922,56.0
7923,58.0
7924,55.0
7925,52.0
7926,44.0
7927,35.0
7928,35.0
7929,29.0
7930,18.0
7931,21.0
7932,25.0
7933,16.0
7934,20.0
7935,29.0
7936,18.0
7937,18.0
7938,21.0
7939,24.0
7940,38.92536106296938
7941,27.0
7942,23.0
7943,24.0
7944,23.0
7945,22.0
7946,22.0
7947,26.0
7948,24.0
7949,26.0
7950,26.0
7951,26.0
7952,24.0
7953,32.0
7954,30.0
7955,34.0
7956,28.0
7957,32.0
7958,35.0
7959,32.0
7960,37.0
7961,44.0
7962,43.0
7963,39.0
7964,37.0
7965,37.0
7966,40.0
7967,32.0
7968,30.0
7969,28.0
7970,25.0
7971,26.0
7972,28.0
7973,30.0
7974,36.0
7975,37.0
7976,34.0
7977,24.0
7978,25.0
7979,31.0
7980,23.0
7981,29.0
7982,29.0
7983,28.0
7984,24.0
7985,24.0
7986,27.0
7987,29.0
7988,31.0
7989,33.0
7990,32.0
7991,33.0
7992,34.0
7993,48.0
7994,31.0
7995,26.0
7996,28.0
7997,29.0
7998,32.0
7999,33.0
8000,32.0
8001,30.0
8002,30.0
8003,31.0
8004,36.0
8005,38.0
8006,36.0
8007,32.0
8008,32.0
8009,36.0
8010,44.0
8011,43.0
8012,38.0
8013,44.0
8014,44.0
8015,46.0
8016,37.0
8017,40.0
8018,37.0
8019,40.0
8020,38.0
8021,38.0
8022,38.0
8023,40.0
8024,38.0
8025,38.0
8026,40.0
8027,40.0
8028,41.0
8029,37.0
8030,22.0
8031,21.0
8032,38.92536106296938
8033,38.92536106296938
8034,15.0
8035,13.0
8036,10.0
8037,8.0
8038,6.0
8039,8.0
8040,4.0
8041,5.0
8042,3.0
8043,3.0
8044,3.0
8045,3.0
8046,3.0
8047,3.0
8048,3.0
8049,3.0
8050,4.0
8051,3.0
8052,3.0
8053,3.0
8054,3.0
8055,3.0
8056,3.0
8057,5.0
8058,6.0
8059,5.0
8060,3.0
8061,4.0
8062,4.0
8063,5.0
8064,3.0
8065,7.0
8066,5.0
8067,3.0
8068,5.0
8069,6.0
8070,6.0
8071,7.0
8072,11.0
8073,9.0
8074,10.0
8075,10.0
8076,12.0
8077,10.0
8078,11.0
8079,38.92536106296938
8080,38.92536106296938
8081,38.92536106296938
8082,38.92536106296938
8083,38.92536106296938
8084,23.0
8085,25.0
8086,18.0
8087,19.0
8088,17.0
8089,14.0
8090,14.0
8091,15.0
8092,17.0
8093,17.0
8094,15.0
8095,15.0
8096,15.0
8097,10.0
8098,13.0
8099,15.0
8100,7.0
8101,10.0
8102,12.0
8103,9.0
8104,10.0
8105,8.0
8106,10.0
8107,10.0
8108,10.0
8109,9.0
8110,8.0
8111,9.0
8112,11.0
8113,12.0
8114,8.0
8115,6.0
8116,5.0
8117,7.0
8118,7.0
8119,9.0
8120,7.0
8121,6.0
8122,6.0
8123,9.0
8124,6.0
8125,5.0
8126,5.0
8127,4.0
8128,7.0
8129,9.0
8130,10.0
8131,10.0
8132,8.0
8133,10.0
8134,7.0
8135,6.0
8136,6.0
8137,8.0
8138,6.0
8139,5.0
8140,4.0
8141,7.0
8142,5.0
8143,7.0
8144,5.0
8145,5.0
8146,8.0
8147,5.0
8148,3.0
8149,6.0
8150,7.0
8151,12.0
8152,8.0
8153,8.0
8154,9.0
8155,11.0
8156,10.0
8157,11.0
8158,12.0
8159,12.0
8160,11.0
8161,10.0
8162,10.0
8163,10.0
8164,8.0
8165,11.0
8166,10.0
8167,12.0
8168,12.0
8169,13.0
8170,16.0
8171,19.0
8172,16.0
8173,15.0
8174,15.0
8175,17.0
8176,16.0
8177,13.0
8178,17.0
8179,20.0
8180,20.0
8181,25.0
8182,18.0
8183,16.0
8184,12.0
8185,12.0
8186,9.0
8187,10.0
8188,9.0
8189,7.0
8190,7.0
8191,7.0
8192,5.0
8193,9.0
8194,8.0
8195,9.0
8196,9.0
8197,10.0
8198,6.0
8199,6.0
8200,4.0
8201,4.0
8202,3.0
8203,5.0
8204,4.0
8205,5.0
8206,3.0
8207,3.0
8208,3.0
8209,3.0
8210,3.0
8211,3.0
8212,3.0
8213,3.0
8214,3.0
8215,3.0
8216,3.0
8217,3.0
8218,4.0
8219,9.0
8220,15.0
8221,14.0
8222,3.0
8223,10.0
8224,14.0
8225,18.0
8226,14.0
8227,16.0
8228,19.0
8229,20.0
8230,15.0
8231,13.0
8232,18.0
8233,22.0
8234,19.0
8235,19.0
8236,22.0
8237,23.0
8238,21.0
8239,24.0
8240,23.0
8241,28.0
8242,29.0
8243,38.0
8244,27.0
8245,23.0
8246,21.0
8247,21.0
8248,21.0
8249,23.0
8250,27.0
8251,31.0
8252,48.0
8253,50.0
8254,42.0
8255,31.0
8256,29.0
8257,35.0
8258,35.0
8259,27.0
8260,31.0
8261,40.0
8262,29.0
8263,38.92536106296938
8264,30.0
8265,35.0
8266,38.0
8267,40.0
8268,33.0
8269,35.0
8270,32.0
8271,34.0
8272,30.0
8273,29.0
8274,26.0
8275,26.0
8276,27.0
8277,30.0
8278,23.0
8279,22.0
8280,20.0
8281,21.0
8282,20.0
8283,22.0
8284,22.0
8285,24.0
8286,23.0
8287,23.0
8288,23.0
8289,28.0
8290,34.0
8291,35.0
8292,38.0
8293,38.0
8294,37.0
8295,35.0
8296,38.0
8297,44.0
8298,37.0
8299,26.0
8300,22.0
8301,23.0
8302,24.0
8303,21.0
8304,22.0
8305,24.0
8306,23.0
8307,28.0
8308,26.0
8309,23.0
8310,20.0
8311,22.0
8312,16.0
8313,14.0
8314,20.0
8315,16.0
8316,10.0
8317,14.0
8318,16.0
8319,16.0
8320,15.0
8321,12.0
8322,12.0
8323,13.0
8324,16.0
8325,19.0
8326,18.0
8327,18.0
8328,20.0
8329,24.0
8330,23.0
8331,20.0
8332,22.0
8333,24.0
8334,19.0
8335,21.0
8336,22.0
8337,24.0
8338,29.0
8339,29.0
8340,28.0
8341,22.0
8342,23.0
8343,29.0
8344,28.0
8345,29.0
8346,27.0
8347,28.0
8348,30.0
8349,30.0
8350,23.0
8351,21.0
8352,22.0
8353,20.0
8354,21.0
8355,24.0
8356,22.0
8357,24.0
8358,24.0
8359,26.0
8360,23.0
8361,23.0
8362,23.0
8363,25.0
8364,13.0
8365,16.0
8366,17.0
8367,17.0
8368,17.0
8369,17.0
8370,19.0
8371,22.0
8372,20.0
8373,19.0
8374,16.0
8375,12.0
8376,11.0
8377,10.0
8378,8.0
8379,11.0
8380,7.0
8381,8.0
8382,8.0
8383,10.0
8384,10.0
8385,11.0
8386,14.0
8387,16.0
8388,19.0
8389,17.0
8390,16.0
8391,18.0
8392,19.0
8393,22.0
8394,16.0
8395,15.0
8396,12.0
8397,11.0
8398,9.0
8399,8.0
8400,12.0
8401,11.0
8402,7.0
8403,7.0
8404,6.0
8405,7.0
8406,9.0
8407,6.0
8408,4.0
8409,3.0
8410,6.0
8411,9.0
8412,9.0
8413,11.0
8414,9.0
8415,9.0
8416,8.0
8417,11.0
8418,11.0
8419,12.0
8420,11.0
8421,12.0
8422,14.0
8423,15.0
8424,10.0
8425,10.0
8426,8.0
8427,8.0
8428,8.0
8429,9.0
8430,8.0
8431,9.0
8432,9.0
8433,12.0
8434,9.0
8435,12.0
8436,12.0
8437,12.0
8438,11.0
8439,10.0
8440,9.0
8441,11.0
8442,9.0
8443,10.0
8444,9.0
8445,7.0
8446,7.0
8447,5.0
8448,7.0
8449,8.0
8450,8.0
8451,9.0
8452,8.0
8453,9.0
8454,7.0
8455,8.0
8456,9.0
8457,15.0
8458,5.0
8459,4.0
8460,4.0
8461,6.0
8462,5.0
8463,4.0
8464,6.0
8465,6.0
8466,10.0
8467,14.0
8468,16.0
8469,13.0
8470,13.0
8471,12.0
8472,13.0
8473,16.0
8474,10.0
8475,8.0
8476,7.0
8477,8.0
8478,7.0
8479,9.0
8480,6.0
8481,6.0
8482,9.0
8483,7.0
8484,12.0
8485,12.0
8486,11.0
8487,8.0
8488,8.0
8489,7.0
8490,9.0
8491,6.0
8492,6.0
8493,8.0
8494,6.0
8495,7.0
8496,10.0
8497,11.0
8498,9.0
8499,7.0
8500,7.0
8501,6.0
8502,8.0
8503,10.0
8504,8.0
8505,7.0
8506,7.0
8507,10.0
8508,7.0
8509,11.0
8510,9.0
8511,12.0
8512,11.0
8513,5.0
8514,12.0
8515,16.0
8516,12.0
8517,12.0
8518,12.0
8519,13.0
8520,15.0
8521,16.0
8522,28.0
8523,18.0
8524,14.0
8525,15.0
8526,14.0
8527,14.0
8528,6.0
8529,9.0
8530,8.0
8531,8.0
8532,12.0
8533,14.0
8534,17.0
8535,18.0
8536,18.0
8537,19.0
8538,20.0
8539,22.0
8540,19.0
8541,15.0
8542,17.0
8543,15.0
8544,10.0
8545,8.0
8546,4.0
8547,3.0
8548,5.0
8549,4.0
8550,6.0
8551,6.0
8552,8.0
8553,9.0
8554,10.0
8555,20.0
8556,14.0
8557,13.0
8558,11.0
8559,13.0
8560,9.0
8561,8.0
8562,11.0
8563,14.0
8564,13.0
8565,15.0
8566,12.0
8567,12.0
8568,10.0
8569,9.0
8570,10.0
8571,12.0
8572,11.0
8573,13.0
8574,13.0
8575,13.0
8576,9.0
8577,10.0
8578,12.0
8579,17.0
8580,18.0
8581,14.0
8582,38.92536106296938
8583,38.92536106296938
8584,38.92536106296938
8585,38.92536106296938
8586,38.92536106296938
8587,38.92536106296938
8588,38.92536106296938
8589,38.92536106296938
8590,38.92536106296938
8591,38.92536106296938
8592,38.92536106296938
8593,38.92536106296938
8594,38.92536106296938
8595,38.92536106296938
8596,38.92536106296938
8597,38.92536106296938
8598,38.92536106296938
8599,38.92536106296938
8600,38.92536106296938
8601,38.92536106296938
8602,38.92536106296938
8603,38.92536106296938
8604,38.92536106296938
8605,38.92536106296938
8606,38.92536106296938
8607,38.92536106296938
8608,38.92536106296938
8609,38.92536106296938
8610,13.0
8611,16.0
8612,12.0
8613,9.0
8614,5.0
8615,5.0
8616,3.0
8617,3.0
8618,3.0
8619,3.0
8620,3.0
8621,6.0
8622,4.0
8623,4.0
8624,4.0
8625,7.0
8626,7.0
8627,7.0
8628,7.0
8629,9.0
8630,9.0
8631,10.0
8632,7.0
8633,6.0
8634,6.0
8635,5.0
8636,4.0
8637,3.0
8638,4.0
8639,3.0
8640,3.0
8641,3.0
8642,3.0
8643,3.0
8644,3.0
8645,3.0
8646,4.0
8647,4.0
8648,4.0
8649,4.0
8650,3.0
8651,3.0
8652,4.0
8653,5.0
8654,3.0
8655,8.0
8656,5.0
8657,10.0
8658,5.0
8659,8.0
8660,6.0
8661,7.0
8662,5.0
8663,6.0
8664,4.0
8665,3.0
8666,3.0
8667,5.0
8668,3.0
8669,4.0
8670,3.0
8671,7.0
8672,5.0
8673,7.0
8674,6.0
8675,10.0
8676,38.92536106296938
8677,38.92536106296938
8678,38.92536106296938
8679,38.92536106296938
8680,15.0
8681,14.0
8682,13.0
8683,13.0
8684,12.0
8685,12.0
8686,9.0
8687,9.0
8688,7.0
8689,6.0
8690,6.0
8691,7.0
8692,5.0
8693,6.0
8694,6.0
8695,6.0
8696,7.0
8697,10.0
8698,10.0
8699,12.0
8700,8.0
8701,13.0
8702,10.0
8703,12.0
8704,12.0
8705,15.0
8706,17.0
8707,18.0
8708,14.0
8709,13.0
8710,15.0
8711,17.0
8712,13.0
8713,13.0
8714,11.0
8715,10.0
8716,10.0
8717,13.0
8718,13.0
8719,14.0
8720,14.0
8721,22.0
8722,17.0
8723,8.0
8724,5.0
8725,9.0
8726,8.0
8727,8.0
8728,12.0
8729,11.0
8730,10.0
8731,11.0
8732,15.0
8733,18.0
8734,15.0
8735,14.0
8736,11.0
8737,13.0
8738,13.0
8739,14.0
8740,15.0
8741,14.0
8742,11.0
8743,14.0
8744,11.0
8745,11.0
8746,8.0
8747,7.0
8748,12.0
8749,17.0
8750,16.0
8751,22.0
8752,24.0
8753,32.0
8754,33.0
8755,36.0
8756,35.0
8757,34.0
8758,30.0
8759,33.0
